id, iata, icao, name, country_id
1,NULL,UKBD,Южный,1
2,Gogolev,Gogolev,Gogolev Aero,1
3,UPBS,UPS,Запорожье,1
4,IEV.,NULL,ZHULYANY,1
5,VESELOYE,NULL,VESELOYE,1
6,ZZZ,ZZZZ,Technical Flight,1
7,NULL,XKWW,VINNITSA,1
8,NULL,XKBB,BORISPOL,1
9,NULL,UKOW,WOZNESENSK,1
10,NULL,XKOW,WOZNESENSK,1
11,NULL,UKKW,WASILXKOW,1
12,WKW,UKKW,WASILXKOW,1
13,VIN,UKWW,VINNITSA,1
14,NULL,UKKH,UZIN/MIL,1
15,NULL,UKKH,UZIN/MIL,1
16,NULL,XKKU,UZIN,1
17,UDJ,UKLU,UZHGOROD,1
18,NULL,UUUU,UROCHIQE,1
19,NULL,UKKX,UMANX/MIL,1
20,UMX,UKKX,UMAN,1
21,NULL,XKLT,CHORTKOV,1
22,NULL,XKHR,KOROTICH,1
23,NULL,UKBF,KONOTOP,1
24,NULL,XKRF,KONOTOP,1
25,NULL,UKLO,KOLOMYJA,1
26,NULL,UKFJ,KIROWSKOE,1
27,NULL,UKFD,KIROVSKOE/MIL,1
28,NULL,UKBT,KANATOVO,1
29,KGO,UKKG,KIROVOGRAD,1
30,HMJ,UKLH,KHMELNITSKY,1
31,HRK,UKHH,KHARKOV,1
32,SOK,UKHD,SOKOLXNIKI,1
33,KHC,UKFK,KERCH,1
34,NULL,UKOK,KAHOWKA,1
35,NULL,UKLK,KAMENETS-PODOLSKIJ,1
36,IZL,UKOI,IZMAIL,1
37,NULL,UKFG,GWARDEJSKOE,1
38,NULL,GUTA,GUTA,1
39,NULL,UKOG,GENICHESK,1
40,NULL,UKFE,EVPATORIJA,1
41,DOK,UKCC,DONETSK,1
42,DNK,UKDD,DNEPROPETROVSK,1
43,NULL,UKHW,CHUGUEW,1
44,NULL,XXXX,CHORNOBYLX,1
45,NULL,UKLE,CHERTKOW,1
46,CWC,UKLN,CHERNOVTSY,1
47,CEJ,UKRR,CHERNIGOV,1
48,CKC,UKKE,CHERKASSY,1
49,NULL,UKRA,CHAJKA,1
50,NULL,UKKJ,CHAJKA,1
51,NULL,UKOB,BUYALYK,1
52,NULL,UKKB,BORODJANKA,1
53,NULL,UKBR,BERDICHEV,1
54,NULL,UKBC,BELAJA CERKOV,1
55,NULL,UKFR,BAGEROWO,1
56,NULL,UKKL,BELAYA TSERKOW,1
57,NULL,UKOA,ARCYZ,1
58,NULL,UKOR,NIKOLAEV(KULXBAKINO),1
59,SIP,UKFF,SIMFEROPOL,1
60,NULL,XKFY,DJANKOJ,1
61,NULL,XKFL,BELBEK,1
62,NULL,UKFY,SIMFEROPOLX,1
63,NULL,XKFK,KACHA,1
64,UKS,UKFB,BELBEK,1
65,KHE,UKOH,KHERSON,1
66,ERD,UKDB,BERDJANSK,1
67,NULL,UKDK,DOLGINCEWO,1
68,NULL,XKDK,KRIVOI ROG MIL.,1
69,KWG,UKDR,KRIVOI ROG,1
70,TNL,UKLT,TERNOPOL,1
71,UMY,UKHS,SUMY,1
72,NULL,UKFD,SUDAK,1
73,NULL,UKLP,STRYJ,1
74,NULL,XKLS,ST.KONSTANTINOW,1
75,NULL,XKLS,STAROKONSTANTINOV,1
76,SLW,NULL,SLAVUTICH,1
77,SEV,UKCS,SEVERO-DONETSK,1
78,NULL,UKFI,SAKI,1
79,NULL,XKFI,SAKI,1
80,RWN,UKLR,ROVNO,1
81,NULL,XKRP,PRILUKI,1
82,NULL,UKHL,POLTAWA/WWS/,1
83,NULL,XKHP,POLTAVA MIL.,1
84,PLV,UKHP,POLTAVA,1
85,NULL,PES4,PESCHANOE,1
86,NULL,UKKO,OZERNOE,1
87,NULL,UKOG,SHKOLNYJ,1
88,NULL,UKOM,LIMANSKOE/MIL,1
89,ODS,UKOO,TSENTRALNY,1
90,NULL,UKKN,NOVOMIRGOROD/MIL,1
91,NULL,XKOJ,KULXBAKINO,1
92,NLV,UKON,NIKOLAEV,1
93,NULL,UKRN,NEZHYN,1
94,NULL,UKBM,MIRGOROD/MIL,1
95,NULL,UKBM,MIRGOROD,1
96,NULL,XKDM,MELITOPOLX,1
97,OOX,UKDM,MELITOPOL,1
98,MPW,UKCM,MARIUPOL,1
99,NULL,UKLS,ST.KONSTANTINOW,1
100,LWO,UKLL,LVOV,1
101,UCK,UKLC,LUTSK,1
102,LUC,UKLC,LUTSK,1
103,VSG,UKCW,LUGANSK,1
104,IEV,UKKK,ZHULYANY,1
105,GML,UKKM,GOSTOMEL,1
106,NNN,UKKT,SVJATOSHYNO,1
107,KBP,UKBB,BORISPOL,1
108,NULL,UPWA,N.PETROVTSY,1
109,KHU,UKHK,KREMENCHUG,1
110,KRQ,UKCK,KRAMATORSK,1
111,NULL,XKCK,KRAMATORSK,1
112,IFO,UKLI,IVANO-FRANKOVSK,1
113,ZTR,UKKV,ZHYTOMIR,1
114,OZH,UKDE,ZAPOROZJE,1
115,NULL,XKON,NIKOLAEW,1
116,CCN,NULL,CHAKCHARAN55,1
117,HLP,WIIH,HALIM PERDANAKUSUMA INTL,2
118,CGK,WIII,SOEKARNO-HATTA INTL,2
119,CBN,NULL,PENGGUNG,2
120,CPF,NULL,CEPU,2
121,JOG,NULL,ADISUTJIPTO,2
122,UPG,NULL,HASANUDDIN,2
123,TTE,NULL,BABULLAH,2
124,TIM,NULL,TIMIKA,2
125,TJQ,NULL,BULUTUMBANG,2
126,SUB,NULL,JUANDA,2
127,SWQ,NULL,BRANG BIDJI,2
128,SOQ,NULL,JEFMAN,2
129,SRG,NULL,ACHMAD YANI,2
130,RGT,NULL,JAPURA,2
131,BKS,NULL,PADANGKEMILING,2
132,PKU,NULL,SIMPANG TIGA,2
133,PDG,NULL,TABING,2
134,CXP,NULL,TUNGGUL WULUNG,2
135,SOC,NULL,ADI SUMARMO,2
136,MDC,NULL,SAMRATULAGI,2
137,DPS,WADD,DENPASAR,2
138,RAQ,NULL,SUGIMANURU,2
139,PNK,NULL,SUPADIO,2
140,PLW,NULL,MUTIARA,2
141,PLM,NULL,SULTAN MAHMUD BADARUDDIN ||,2
142,MKQ,NULL,MOPAH,2
143,MES,NULL,POLONIA,2
144,MOF,NULL,WAIOTI,2
145,AMI,NULL,SELAPARANG,2
146,MKW,NULL,RENDANI,2
147,LBJ,NULL,MUTIARA,2
148,KOE,NULL,ELTARI,2
149,KDI,NULL,WOLTER MONGINSIDI,2
150,DJJ,NULL,SENTANI,2
151,DJB,NULL,SULTAN TAHA SYARIFUDIN,2
152,GTO,NULL,TOLOTIO,2
153,DUM,NULL,PINANG KAMPAI,2
154,BIK,NULL,MOKMER,2
155,BTH,NULL,HANG NADIM,2
156,BDJ,NULL,SJAMSUDIN NOOR,2
157,BDO,NULL,HUSEIN SASTRANEGARA,2
158,TKG,NULL,BRANTI,2
159,BTJ,NULL,BLANG BINTANG,2
160,BPN,NULL,SEPINGAN,2
161,AMO,NULL,PATTIMURA,2
162,SIQ,NULL,DABO,2
163,CXB,NULL,COX'S BAZAR,3
164,CLA,NULL,COMILLA,3
165,CGP,VGEG,PATENGA,3
166,DAC,VGZR,ZIA INTL,3
167,STB,NULL,L. DELICIAS,4
168,MRD,NULL,ALBERTO CARNEVALLI,4
169,SFD,NULL,LAS FLECHERAS,4
170,MUN,NULL,QUIRIQUIRE,4
171,LSP,NULL,JOSEFA CAMEJO,4
172,GDO,NULL,VARE MARIA,4
173,SOM,NULL,EL TIGRE,4
174,CXA,NULL,CAICARA DE ORO,4
175,CBS,NULL,ORO NEGRO,4
176,BLA,SVBC,GRAL.JOSE ANTONIO ANZOATEGUI INTL,4
177,CZE,NULL,CORO,4
178,VLV,NULL,CARVAJAL,4
179,PMV,SVMG,INTL DEL CARIBE GRAL.SANTIAGO MARINO,4
180,MAR,SVMC,LA CHINITA INTL,4
181,CGU,NULL,CIUDAD GUAYANA,4
182,CBL,NULL,CIUDAD BOLIVAR,4
183,CUV,NULL,CASIGUA,4
184,CUP,NULL,CARUPANO,4
185,VCR,NULL,CARORA,4
186,CCS,SVMI,"SIMON BOLIVAR INTL,MAIQUETIA",4
187,CAJ,NULL,CANAIMA,4
188,CLZ,NULL,CALABOZO,4
189,DZA,FMCZ,DZAOUDZI,5
190,SSG,FGSL,"MALABO,MACIAS NGUEMA BIYOGO I.",6
191,BWN,WBSB,BRUNEI INTL,7
192,CXI,PLCH,CASSIDY INTL,8
193,BBG,NULL,BUTARITARI,8
194,CIS,NULL,CANTON ISLAND,8
195,TRW,NGTA,BONRIKI INTL,8
196,NGE,FKKN,N'GAOUNDERE,9
197,EBW,NULL,EBOLOWA,9
198,DLA,FKKD,DOUALA,9
199,YAO,FKKY,VILLE,9
200,NSI,NULL,NSIMALEN,9
201,MVR,FKKL,SALAK,9
202,GOU,FKKR,GAROUA,9
203,PED,NULL,PARDUBICE,10
204,GTW,NULL,HOLESOV,10
205,NULL,LKPO,PREROV,10
206,PRV,NULL,PREROV,10
207,ZBE,NULL,DOLNI BENESOV,10
208,NULL,LKPD,PARDUBICE,10
209,OSR,LKMT,MOSNOV,10
210,NULL,LKKU,KUNOVICE,10
211,NULL,LKKB,KBELY,10
212,KLV,LKKV,KARLOVY VARY,10
213,NULL,LKCS,CESKE BUEJOVICE,10
214,NULL,LKBR,BROUMOV,10
215,BRQ,LKTB,TURANY,10
216,ZDN,NULL,BRNO BUS SERVICE,10
217,NULL,LKVO,VODOCHODY,10
218,PRG,LKPR,RUZYNE,10
219,GSE,ESGP,SAVE,11
220,NULL,ESDB,ANGELHOLM,11
221,NULL,ESTA,ANGELHOLM,11
222,JHE,NULL,HELSINBORG HELIPORT,11
223,NULL,ESPC,FROCON,11
224,OSD,NULL,FROSO,11
225,LPI,ESSL,LINKOPING,11
226,RNB,ESDF,RONNEBY AIRPORT,11
227,GVX,ESSK,SANDVIKEN,11
228,SQO,NULL,GUNNAM,11
229,SFT,NULL,SKELLEFTEA,11
230,OER,ESNO,ORNSKOLDSVIK,11
231,LLA,ESPA,KALLAX,11
232,LDK,NULL,HOVBY,11
233,HLF,ESSF,HULTSFRED-VIMMERBY AIRPORT,11
234,BLE,NULL,DALA,11
235,KLR,ESMQ,KALMAR,11
236,MMX,ESMS,STURUP,11
237,GOT,ESGG,LANDVETTER,11
238,HAD,ESMT,HALMSTED,11
239,JKG,ESGJ,JONKOPING,11
240,NULL,ESOK,KARLSTAD,11
241,KSD,ESSQ,KARLSTAD,11
242,KRN,ESNQ,KIRUNA,11
243,STO,NULL,STOCKHOLM,11
244,NRK,ESSP,KUNGSANGEN,11
245,NYO,ESKN,STOCKHOLM-SKAVSTA AIRPORT,11
246,ORB,ESOE,OREBRO,11
247,NULL,ESIB,SATENAS,11
248,BMA,ESSB,BROMMA,11
249,ARN,ESSA,ARLANDA,11
250,SDL,ESNN,SUNDSVALL-HARNOSAND,11
251,NULL,ESGD,TIDAHOLM,11
252,UME,ESNU,UMEA,11
253,VST,ESOW,HASSLO,11
254,VXO,ESMX,KRONOBERG,11
255,VBY,ESSV,VISBY,11
256,JMM,NULL,MALMO HARBOUR HELIPORT,11
257,RAR,NCRG,RAROTONGA INTL,12
258,OYG,NULL,MOYO,13
259,EBB,HUEN,ENTEBBE INTL,13
260,AMM,OJAI,QUEEN ALIA INTL,14
261,AQJ,OJAQ,AQABA,14
262,JRS,OJJR,ATAROT,14
263,ADJ,OJAM,MARKA INTL,14
264,CLB,NULL,CASTLEBAR,15
265,DUB,EIDW,DUBLIN,15
266,ORK,EICK,CORK,15
267,NOC,EIKN,CONNAUGHT,15
268,GWY,NULL,CARNMORE,15
269,CHE,NULL,REENROE,15
270,SNN,EINN,SHANNON,15
271,SXL,NULL,COLLOONEY,15
272,IOR,NULL,KILRONAN,15
273,REP,VDSR,ANGKOR,16
274,PNH,VDPP,PHNOM-PENH,16
275,SIN,WSSS,CHANGI,17
276,XSP,WSSL,SELETAR,17
277,QPG,WSAP,PAYA LEBAR,17
278,TRR,NULL,CHINA BAY,18
279,CMB,VCBI,BANDARANAIKE INTL,18
280,RML,NULL,RATMALANA,18
281,JAF,NULL,KANKESANTURAI,18
282,TAS,UTTT,TASHKENT,19
283,BHK,UTSB,BUKHARA,19
284,DMB,NULL,DGAMBUL,19
285,FEG,UTKF,FERGANA,19
286,NMA,UTKN,NAMANGAN,19
287,SKD,UTSS,SAMARKAND,19
288,TMJ,UTST,TERMEZ,19
289,TUZ,NULL,TUZEL,19
290,NULL,XTTW,TUZELX,19
291,UGC,UTNU,URGENCH,19
292,SMX,NULL,PUBLIC,20
293,COV,NULL,COVILHA,20
294,CVU,NULL,CORVO ISLAND,20
295,CBP,NULL,COIMBRA,20
296,NULL,LPCS,TIRES,20
297,FAO,LPFR,FARO,20
298,FNC,LPMA,MADEIRA FUNCHAL AIRPORT,20
299,LIS,LPPT,LISBOA,20
300,NULL,LPMT,MONTIJO/MIL,20
301,PDL,LPPD,"JOAO PAULO II, SAO MIGUEL I.,ACORES",20
302,PXO,LPPS,"PORTO SANTO,SANTO I.,MADEIRA",20
303,OPO,LPPR,FRANCISCO SA CARNEIRO,20
304,TER,LPLA,AEROPORTO DAS LAJES,20
305,CHV,NULL,CHAVES,20
306,FLW,NULL,SANTA CRUZ,20
307,SMA,LPAZ,"SANTA MARIA, SANTA MARIA I.,ACORES",20
308,NULL,LPAR,ALVERCA AIR BASE,20
309,TMP,EFTP,PIRKKALA,21
310,LPP,EFLP,LAPPEERANTA,21
311,KAO,EFKS,KUUSAMO,21
312,JOE,EFJO,JOENSUU,21
313,RVN,EFRO,ROVANIEMI,21
314,JYV,EFJY,JYVASKYLA,21
315,KUO,EFKU,KUPIO AIRPORT,21
316,KEV,NULL,HALLI,21
317,VAA,EFVA,VAASA,21
318,TKU,EFTU,TURKU,21
319,POR,EFPO,PORI,21
320,OUL,EFOU,OULU,21
321,MHQ,EFMA,MARIEHAMN,21
322,KTT,EFKT,KITTILA,21
323,KOK,NULL,KRUUNUPYY,21
324,KAJ,EFKI,KAJAANI,21
325,IVL,EFIV,IVALO,21
326,HEM,EFHF,MALMI,21
327,HEL,EFHK,VANTAA,21
328,SJY,EFSI,SEINAJOKI,21
329,SVL,EFSA,SAVONLINNA AIRPORT,21
330,JCO,NULL,HELIPORT,22
331,MLA,LMML,LUQA,22
332,SFH,MMSF,SAN FELIPE,23
333,CVE,NULL,COVENAS,23
334,COG,NULL,MANDINGA,23
335,DZI,NULL,CODAZZI,23
336,CIM,NULL,CIMITARRA,23
337,IVO,NULL,CHIVOLO,23
338,CPL,NULL,CHAPARRAL,23
339,CAQ,NULL,CAUCASIA,23
340,CSR,NULL,CASUARITO,23
341,CUO,NULL,CARURU,23
342,CRC,NULL,CARTAGO,23
343,CTG,SKCG,RAFAEL NUNEZ,23
344,CCO,NULL,CARIMAQUA,23
345,CQT,NULL,CAQUETANIA,23
346,CPB,NULL,CAPURGANA,23
347,CJD,NULL,CANDILEJAS,23
348,CLO,SKCL,ALFONSO BONILLA ARAGON,23
349,VVC,NULL,LA VANGUARDIA,23
350,TRB,NULL,GONZALO,23
351,TCO,NULL,LA FLORIDA,23
352,SMR,NULL,SIMON BOLIVAR,23
353,PPN,NULL,MACHANGARA,23
354,PEI,NULL,MATECANA,23
355,PSO,NULL,CANO,23
356,OCV,NULL,AGUASCLARAS,23
357,NVA,NULL,LA MARGUITA,23
358,MTR,NULL,SAN JERONIMO,23
359,EOH,NULL,ENRIQUE OLAYA HERRERA,23
360,MGN,NULL,BARACOA,23
361,CUC,NULL,CAMILO DAZO,23
362,BGA,NULL,PALO NEGRO,23
363,EJA,NULL,VARIGUIES,23
364,AYP,NULL,YANAMILLA,23
365,AXM,NULL,EL EDEN,23
366,ULQ,NULL,FARFAN,23
367,PZA,NULL,CASANARE,23
368,MZL,NULL,SANTAGUIDA,23
369,IPI,NULL,SAN LUIS,23
370,ECR,NULL,EL CHARCO,23
371,BAQ,SKBQ,ERNESTO CORTISSOZ,23
372,MDE,SKRG,JOSE MARIA CORDOVA,23
373,LET,SKLT,ALFREDO VASQUEZ COBO,23
374,BOG,SKBO,ELDORADO,23
375,ADZ,SKSP,SESQUICENTENARIO,23
376,ELB,NULL,SAN BERNADO,23
377,EBG,NULL,EL BAGRE,23
378,RAV,NULL,CRAVO NORTE,23
379,CRU,TG21,LAURISTON,24
380,GND,TGPY,POINTE SALINES,24
381,AHB,OEAB,ABHA REGIONAL AIRPORT,25
382,QJB,OEJB,JUBAIL NAVAL BASE,25
383,RUH,OERK,KING KHALED INT'L,25
384,ABT,NULL,AL-AQIQ,25
385,MED,OEMA,PRINCE MOHAMMAD BIN ABDULAZIZ,25
386,JED,OEJN,KING ABDULAZIZ INTL,25
387,DHA,OEDR,DHAHRAN INTL,25
388,QDM,OEDF,KING FAND INTL,25
389,DMM,NULL,KING FAHAD INTERNATIONAL,25
390,KMC,NULL,KING KHALID MILITARY,25
391,HOF,NULL,AL HASA,25
392,ERA,NULL,ERIGAVO,26
393,HCM,NULL,EIL,26
394,CXN,NULL,CANDALA,26
395,BUO,HCMV,BURAO,26
396,HGA,HCMH,HARGEISA,26
397,KMU,HCMK,KISIMAYU,26
398,MGQ,HCMM,MOGADISHU,26
399,BBO,HCMI,BERBERA,26
400,TMS,FPST,SAO TOME,27
401,BKJ,GUOK,BARALANDE,28
402,BUU,NULL,BUYO,28
403,BYK,DIBK,BOUAKE,28
404,ABJ,DIAP,FELIX HOUPHOUET-BOIGNY,28
405,CMW,MUCM,IGN AGRAMONTE INTL,29
406,SCU,MUCU,ANTONIO MACEO,29
407,HAV,MUHA,JOSE MARTI,29
408,HOG,NULL,FRANK PAIS,29
409,CFG,NULL,CIENFUEGOS,29
410,AVI,NULL,MAXIMO GOMEZ,29
411,CCC,NULL,CAYO COCO,29
412,VRA,MUVR,VARADERO INTL,29
413,GER,NULL,RAFAEL CABRERA,29
414,MOA,NULL,ORESTES ACOSTA,29
415,MZO,NULL,SIERRA MAESTRA,29
416,GAO,NULL,LOS CANOS,29
417,BYM,NULL,CARLOS MANUEL DE CESPEDES,29
418,CYO,NULL,CAYO LARGO DEL SUR,29
419,DGP,EVDA,DAUGAVPILS,30
420,RIX,EVRA,RIGA,30
421,NULL,EVKA,JEKABPILS,30
422,NULL,EVEA,JELGAVA,30
423,LPX,EVLA,LIEPAJA,30
424,NULL,EVVA,VENTSPILS,30
425,OSS,UAFO,OSH,31
426,FRU,UAFM,MANAS,31
427,PMA,HTPE,PEMBA ISLAND,32
428,CBH,NULL,LEGER,32
429,HME,DAUH,OUED-IRARA,32
430,ELU,NULL,GUEMAR,32
431,ELG,NULL,EL GOLEA,32
432,BSK,DAUB,BISKRA,32
433,QFD,DAAK,BOUFARIK,32
434,AZR,DAUA,TOUAT,32
435,TID,NULL,BOUCHEKIF,32
436,OGX,NULL,AIN BEIDA,32
437,DJG,NULL,INEDBIRENNE,32
438,GHA,DAUG,NOUMERATE,32
439,CZL,DABC,AIN EL BEY,32
440,AAE,DABB,EL MELLAH,32
441,SCV,NULL,SALCEA,32
442,MCO,KMCO,ORLANDO INTERNATIONAL AIRPORT,32
443,ACN,MMCC,CIUDAD (ACUNA),32
444,NULL,DAOE,BOU SFER,32
445,DMN,KDMN,DEMING MUNICIPAL AIRPORT,32
446,HOR,LPHR,HORTA (AZORES),32
447,HRM,NULL,TILREMPT7,32
448,SKI,NULL,SKIKDA,32
449,PRX,NULL,COX FIELD,33
450,NULL,LFPM,MELUN,33
451,VIA,NULL,VILLAKUBLE,33
452,NULL,LFYO,VILLACOUBLAY,33
453,NULL,LFPV,VILLACOUBLAY,33
454,TUF,LFOT,ST-SYMPHORIEN,33
455,TLS,LFBO,BLAGNAC,33
456,NULL,LFBF,TOULOUSE-FRANCAZAL,33
457,LDE,LFBT,OSSUN-LOURDES,33
458,SXB,LFST,ENTZHEIM,33
459,SNR,LFRZ,MONTOIR,33
460,EBU,LFMH,BOUTHEON,33
461,RNS,LFRN,ST-JACQUES,33
462,UIP,LFRQ,PLUGUFFAN,33
463,NULL,LFPT,PONTOISE,33
464,PIS,LFBI,BIARD,33
465,PGF,LFMP,RIVESALTES,33
466,PUF,LFBP,PAU-PYRENEES,33
467,CDG,LFPG,CHARLES DE GAULLE,33
468,LBG,LFPB,LE BOURGET,33
469,ORY,LFPO,ORLY,33
470,TNF,LFPN,TOUSSUS-LE-NOBLE,33
471,XED,NULL,DISNEYLAND PARIS RAIL STATION,33
472,POX,NULL,CERGY PONTOISE,33
473,ORE,LFOJ,BRICY,33
474,NULL,LFOZ,"ST DENIS DE L HOTEL, ORLEANS",33
475,FNI,LFTW,GARONS,33
476,ZYN,NULL,NIMES RAIL STATION,33
477,NTE,LFRS,ATLANTIQUE,33
478,ENC,LFSN,ESSEY,33
479,NULL,LFLA,AUXERRE,33
480,MZM,LFSF,FRESCATY,33
481,MRS,LFML,MARSEILLE-PROVENCE,33
482,LYN,LFLY,BRON,33
483,LYS,LFLL,SATOLAS,33
484,LIG,LFBL,LIMOGE,33
485,LTT,LFTZ,LA MOLE,33
486,LIL,LFQQ,LESQUIN,33
487,XDB,NULL,LILLE,33
488,LTQ,LFAT,PARIS-PLAGE,33
489,CTT,LFMQ,LE CASTELLET,33
490,LRH,LFBH,LALEU,33
491,TLN,LFTH,HYERES-LE-PALYVESTRE,33
492,GNB,LFLS,ST-GEOIRS,33
493,EVX,LFOE,EVREUX,33
494,EPL,LFSG,MIRECOURT,33
495,NULL,LFSE,EPINAL - DOGNEVIL,33
496,DLE,LFGJ,TAVAUX,33
497,DNR,LFRD,PLEURTUIT-ST.MALO,33
498,CMF,LFLB,AIX-LES-BAINS,33
499,CLY,LFKC,STE CATHERINE,33
500,JSZ,NULL,HELIPORT,33
501,XPZ,NULL,HARBOUR,33
502,RYN,NULL,MEDIS,33
503,URO,NULL,BOOS,33
504,RDZ,NULL,MARCILLAC,33
505,RCO,NULL,SAINT AGNANT,33
506,RNE,NULL,RENAISON,33
507,MCU,NULL,GUERET (LEPAUD),33
508,LRT,NULL,LANN BIHOUE,33
509,LPY,NULL,LOUDES,33
510,LME,NULL,ARNAGE,33
511,EDM,NULL,LES AJONCS,33
512,LBY,NULL,MONTOIR,33
513,FSC,LFKF,SUD CORSE,33
514,BVE,NULL,LAROCHE,33
515,BZR,LFMU,BEZIERS-VIAS,33
516,EGC,NULL,ROUMANIRES,33
517,BOR,NULL,FONTAINE,33
518,OBS,NULL,VALS-LANAS,33
519,JAH,NULL,AGORA HELIPAD,33
520,NCY,NULL,ANNECY-MEYTHE,33
521,ANG,LFBU,BRIE-CHAMPNIERS,33
522,ANE,NULL,MARCE,33
523,NULL,LFJR,ANGERS MARGE AIRPORT,33
524,LBI,NULL,LE SEQUESTRE,33
525,DIJ,LFSD,DIJON,33
526,DOL,LFRG,ST-GATIEN,33
527,CSF,LFPC,CREIL,33
528,CVF,NULL,COURCHEVEL,33
529,CMR,NULL,COLMAR-HOUSSEN,33
530,CNG,NULL,PARVAUD,33
531,CET,NULL,LE PONTREAU,33
532,CER,LFRC,MAUPERTUS,33
533,CHR,LFLX,CHATEAUROUX,33
534,XCR,LFOK,VATRY,33
535,DCM,NULL,MAZAMET,33
536,CCF,NULL,SALVAZA,33
537,CEQ,LFMD,MANDELIEU,33
538,JCA,NULL,CROISETTE HELIPORT,33
539,QYW,NULL,VIEUX PORT,33
540,XFF,NULL,FRETHUN RAIL STATION,33
541,CQF,LFAC,DUNKERQUE,33
542,ZAO,NULL,LABERANDIE,33
543,CFR,LFRK,CARPIQUET,33
544,BOD,LFBD,MERIGNAC,33
545,BIQ,LFBZ,BIARRITZ-BAYONNE-ANGLET,33
546,BVA,LFOB,TILLE,33
547,BIA,LFKB,PORETTA,33
548,AVN,LFMV,AVIGNON,33
549,AJA,LFKJ,CAMPO DELL'ORO,33
550,ETZ,LFJL,METZ-NANCY-LORRAINE,33
551,QIE,LFMI, LE TUBE,33
552,QFC,NULL,OFF-LINE PT,33
553,SBK,LFRT,ARMOR,33
554,MLH,NULL,EUROAIRPORT FRENCH,33
555,MPL,LFMT,MEDITERRANEE,33
556,LAI,LFRO,LANNION,33
557,NULL,LFQB,TROYES,33
558,RHE,LFSR,CHAMPAGNE,33
559,NCE,LFMN,COTE D'AZUR,33
560,LEH,LFOH,OCTEVILLE,33
561,NULL,LFAQ,ALBERT-PICARDIE AIRPORT,33
562,LDV,LFRJ,LANDIVISIAU AIRPORT,33
563,SYT,LFLN,CHAROLAIS BOURGOGNE ST. YAN,33
564,AGF,NULL,LA GARENNE,33
565,VNE,NULL,MEUCON,33
566,VAF,LFLU,CHABEUIL,33
567,XHK,NULL,VALENCE RAIL STATION,33
568,XER,NULL,STRASBURG BUS STATION,33
569,MLE,VRMM,MALE INTL,34
570,GAN,VRMG,GAN AIRPORT,34
571,NULL,LZMC,MALACKY,35
572,ILZ,LZZI,ZILINA,35
573,TAT,LZTT,TATRY,35
574,PZY,LZPP,PIESTANY,35
575,SLD,LZSL,SLIAC,35
576,BTS,LZIB,IVANKA,35
577,KSC,LZKZ,KOSICE,35
578,SED,NULL,MIN'HAT HASHNAYIM,36
579,EIY,NULL,EIN YAHAN,36
580,TLV,LLBG,BEN GURION,36
581,SDV,LLSD,SDE DOV,36
582,RHN,NULL,ROSH PINA AIRPORT,36
583,VDA,LLOV,OVDA,36
584,ETH,LLET,J. HOZMAN,36
585,BEV,LLBS,TEYMAN,36
586,JIB,HDAM,DJIBOUTI (AMBOULI),37
587,SPN,PGSN,SAIPAN INTL,38
588,UAM,PGUA,ANDERSEN AIR FORCE BASE,38
589,GUM,PGUM,AGANA NAVAL AIR STATION,38
590,INU,ANAU,NAURU INTL,39
591,EDL,NULL,ELDORENT,40
592,EYS,NULL,ELIYE SPRINGS,40
593,MBA,HKMO,MOI INTL,40
594,WIL,NULL,WILSON,40
595,NBO,HKJK,JOMO KENYATTA INTL,40
596,ACC,DGAA,KOTOKA INTL,41
597,KMS,DGSI,KUMASI,41
598,KBR,NULL,PENGKALAN CHEPA,42
599,TGG,NULL,SULTAN MAHMOOD,42
600,LSM,NULL,LAWAS,42
601,MKZ,NULL,BATU BERENDUM,42
602,LGK,WMAM,PULAU LANGKAWI,42
603,BWH,NULL,BUTTERWORTH,42
604,JHB,WMKJ,SULTAN ISMAIL,42
605,BKI,WBKK,KOTA KINABALU,42
606,SZB,WMSA,SULTAN ABDUL AZIZ SHAH,42
607,KUL,WMKK,KUALA LUMPUR INTL,42
608,KCH,WBGG,KUCHING,42
609,PEN,WMKP,PENANG,42
610,RDN,NULL,PULAU REDANG,42
611,UTE,NULL,BUTTERWORTH,42
612,XLS,GOSS,SAINT-LOUIS,43
613,ZIG,GOGG,ZIGUINCHOR,43
614,CSK,GOGS,CAP SKIRRING,43
615,DKR,GOOY,YOFF,43
616,TUD,GOTT,TAMBACOUNDA,43
617,KIW,NULL,SOUTHDOWNS,44
618,CIP,NULL,CHIPATA,44
619,NLA,FLND,NDOLA,44
620,CGJ,NULL,CHINGOLA,44
621,MFU,FLMF,MFUWE,44
622,LUN,FLLS,LUSAKA INTL,44
623,LVI,FLLI,LIVINGSTONE,44
624,REK,BIRK,REYKJAVIK,45
625,OLI,NULL,RIF,45
626,MVA,NULL,REYKIAHLID,45
627,AEY,BIAR,AKUREYRI,45
628,EGS,NULL,EGILSSTADIR,45
629,KEF,BIKF,KEFLAVIK,45
630,RKV,NULL,REYKJAVIK DOMESTIC,45
631,CAY,SOCA,ROCHAMBEAU,46
632,ANM,NULL,ANTSIRABATO,47
633,NULL,FMMT,TOAMASINA,47
634,FTU,NULL,MARILLAC,47
635,DIE,NULL,ARRACHART,47
636,NOS,FMNN,FASCENE,47
637,TNR,FMMI,IVATO,47
638,MJN,FMNM,AMBOROVY,47
639,KWI,OKBK,KUWAIT INTL,48
640,SFJ,BGSF,SONDRE STROMFJORD (GREENLAND),49
641,NULL,EKVL,VAERLOSE,49
642,TED,EKTS,THISTED,49
643,STA,EKVJ,STAUNING,49
644,SGD,EKSB,SONDERBORG,49
645,NULL,EKSV,SKIVE,49
646,ODE,EKOD,ODENSE,49
647,NULL,EKHO,LINDTORP,49
648,NULL,EKVD,VAMDRUP,49
649,RKE,EKRK,ROSKILDE,49
650,KRP,NULL,KARUP,49
651,NULL,EKKA,KARUP,49
652,EBJ,EKEB,ESBJERG,49
653,CPH,EKCH,COPENHAGEN AIRPORT (KASTRUP),49
654,RNN,EKRN,RONNE,49
655,BLL,EKBI,BILLUND,49
656,AAR,EKAH,TIRSTRUP,49
657,AAL,EKYT,ALBORG,49
658,FAE,EKVG,VAGAR,49
659,CNL,EKSN,SINDAL,49
660,IAM,DAUZ,IN AMENAS,49
661,JON,PJON,JOHNSTON ATOLL,50
662,MDY,NULL,SAND ISLAND,50
663,NULL,LUCH,CAHUL,51
664,NULL,LUTR,TIRASPOL,51
665,NULL,LUBT,BELTSY,51
666,NULL,LUBL,LYADOVENI,51
667,KIV,LUKK,CHISINAU,51
668,SNI,NULL,R.E. MURRAY,52
669,MLW,NULL,SPRIGG PAYNE,52
670,CPA,NULL,A. TUBMAN,52
671,ROB,GLRB,ROBERTS INTL,52
672,CGY,NULL,LUMBIA,53
673,BXU,NULL,BUTUAN,53
674,ZAM,RPMZ,ZAMBOANGA INTL,53
675,MNL,RPLL,NINOY AQUINO INTL,53
676,DTE,NULL,CAMARINES NORTE,53
677,CEB,NULL,CEBU,53
678,NOP,RPVM,MACTAN INTL,53
679,XCN,NULL,CORON,53
680,CGM,NULL,MAMBAJAO,53
681,USU,NULL,BUSUANGA,53
682,TAC,NULL,D.Z. ROMUALDEZ,53
683,OZC,NULL,LABO,53
684,CRK,NULL,CLARK FIELD,53
685,ILO,NULL,MANDURRIAO,53
686,IGN,NULL,MARIA CRISTINA,53
687,GES,NULL,BUAYAN,53
688,BAG,NULL,LOAKAN,53
689,LAO,RPLI,LAOAG INTL,53
690,DVO,RPMD,FRANCISCO BANGOY INTL,53
691,CBO,NULL,AWANG,53
692,CYZ,NULL,CAUAYAN,53
693,MPH,NULL,MALAY,53
694,CRM,NULL,NATIONAL,53
695,CGG,NULL,CASIGURAN,53
696,CYP,NULL,CALBAYOG,53
697,CDY,NULL,CAGAYAN DE SULU,53
698,XQC,ORBD,BALAD SOUTHEAST AIRPORT,54
699,FUN,NGFU,FUNAFUTI INTL,54
700,HAH,FMCH,HAHAIA,55
701,YVA,NULL,ICONI,55
702,AJN,FMCV,OUANI,55
703,COO,DBBB,CADJEHOUN,56
704,EOR,NULL,EL DORADO,57
705,NGP,NULL,NAS,57
706,CRP,KCRP,CORPUS CHRISTI INTL,57
707,ELM,NULL,CORNING,57
708,CBA,NULL,CORNER BAY,57
709,CRX,NULL,ROSCOE TURNER,57
710,CDV,NULL,MUDHOLE SMITH,57
711,CRO,NULL,CORCORAN,57
712,QCE,NULL,VAN SERVICE,57
713,CZC,NULL,COPPER CENTRE,57
714,COP,NULL,COOPERSTOWN,57
715,JLA,NULL,QUARTZ CREEK,57
716,CPD,NULL,COOBER PEDY,57
717,CXO,NULL,MONTGOMERY CO,57
718,CEV,NULL,METTLE FIELD,57
719,CCR,NULL,BUCHANAN FLD,57
720,CON,NULL,CONCORD,57
721,CPM,NULL,COMPTON,57
722,LSF,NULL,LAWSON AAF,57
723,MKF,NULL,MCKENNA AAF,57
724,CSQ,NULL,METROPOLITAN AREA,57
725,CLU,NULL,COLUMBUS MUNICIPAL,57
726,CBM,NULL,COLUMBUS AFB,57
727,GTR,NULL,GOLDEN TRIANGLE REG.,57
728,UBS,NULL,LOWNDES COUNTY,57
729,OLU,NULL,COLUMBUS,57
730,OSU,NULL,OHIO STATE UNIVERSITY,57
731,CMH,NULL,PORT COLUMBUS INTL,57
732,LCK,NULL,RICKENBACKER,57
733,MRC,NULL,MAURY COUNTY,57
734,COA,NULL,COLUMBIA,57
735,COU,NULL,COLUMBIA REGIONAL,57
736,MMT,NULL,MC ENTIRE ANG BASE,57
737,CAE,NULL,METROPOLITAN AIRPORT,57
738,CUB,NULL,OWENS FIELD,57
739,FCS,NULL,BUTTS AAF,57
740,COS,NULL,PETERSON FIELD,57
741,AFF,NULL,USAF ACADEMY,57
742,CLL,NULL,EASTERWOOD FIELD,57
743,CGS,NULL,COLLEGE PARK,57
744,COM,NULL,COLEMAN,57
745,CXF,NULL,COLDFOOT,57
746,CDB,PACD,COLD BAY,57
747,ESO,NULL,ESPANOLA,57
748,ERR,NULL,ERROL,57
749,EPH,NULL,EPHRATA,57
750,WDG,NULL,ENID WOODRING MUN.,57
751,END,NULL,VANCE AFB,57
752,BGM,NULL,ENDICOTT,57
753,EMP,NULL,EMPORIA,57
754,EMK,NULL,EMMONAK,57
755,JEM,NULL,HELIPORT,57
756,LYU,NULL,ELY,57
757,ELY,NULL,YELLAND,57
758,ELN,NULL,BOWERS FIELD,57
759,ELW,NULL,ELLAMAR,57
760,EKO,NULL,ELKO,57
761,EKN,NULL,ELKINS,57
762,EKX,NULL,ELIZABETHTOWN,57
763,ECG,NULL,ELIZABETH CITY,57
764,ELI,NULL,ELIM,57
765,ELV,NULL,ELFIN COVE SPB,57
766,ERO,NULL,COAST GUARD,57
767,BIF,NULL,BIGGS AAF,57
768,ELP,KELP,EL PASO INTL,57
769,EMT,NULL,EL MONTE,57
770,ELD,NULL,GOODWIN FIELD,57
771,EDK,NULL,EL DORADO,57
772,NJK,NULL,NAF,57
773,CJN,NULL,EL CAJON,57
774,KKU,NULL,EKUK,57
775,EFB,NULL,EIGHT FANTOM BIGHT,57
776,EGX,NULL,EGEGIK,57
777,EEK,NULL,EEK,57
778,EDW,NULL,EDWARDS AFB,57
779,EDA,NULL,EDNA BAY,57
780,EDG,NULL,WEIDE AAF,57
781,EAU,NULL,EAU CLAIRE,57
782,ESD,NULL,ORSTSOUND,57
783,ETN,NULL,MINICIPAL,57
784,ECA,NULL,EMMET COUNTY AIRPORT,57
785,ESP,NULL,BIRCHWOOD-POCONO,57
786,EHT,NULL,EAST HARTFORD,57
787,HTO,NULL,EAST HAMPTON,57
788,EGV,NULL,EAGLE RIVER,57
789,EGP,NULL,MAVERICK CO,57
790,ELA,NULL,EAGLE LAKE,57
791,EAA,NULL,EAGLE,57
792,DOV,KDOV,DOVER AFB,57
793,CRT,NULL,MUNICIPAL,57
794,CTY,NULL,CROSS CITY,57
795,CEW,NULL,BOB SIKES,57
796,CSE,NULL,CRESTED BUTTE,57
797,CEC,NULL,MC NAMARA FLD,57
798,CKR,NULL,CRANE ISLAND,57
799,CCG,NULL,CRANE COUNTY ARPT,57
800,CGA,NULL,CRAIG SPB,57
801,CIG,NULL,CRAIG-MOFFAT,57
802,CIL,NULL,MELSING CREEK,57
803,COT,NULL,COTULLA,57
804,CTW,NULL,COTTONWOOD,57
805,CVO,NULL,CORVALLIS,57
806,CRS,NULL,CORSICANA,57
807,NGW,NULL,CABANISS FIELD,57
808,CUX,NULL,CUDDIHY FIELD,57
809,VCV,KVCV,VICTORVILLE,57
810,FOE,KFOE,TOPEKA/FORBES,57
811,TOP,NULL,PHILIP BILLARD,57
812,STL,KSTL,LAMBERT-ST.LOUIS INTL,57
813,MFE,KMFE,MILLER INTL,57
814,IPL,KIPL,IMPERIAL COUNTY,57
815,FBS,NULL,FRIDAY HARBOR SPB,57
816,PAE,KPAE,SNOHOMISH COUNTY,57
817,EVM,NULL,EVELETH,57
818,EVV,NULL,DRESS REGIONAL,57
819,ENW,KENW,KENOSHA,57
820,EVW,NULL,EVANSTON,57
821,EVA,NULL,LANDING STRIP,57
822,UCE,NULL,EUNICE,57
823,EUG,NULL,EUGENE,57
824,EUF,NULL,WEEDON FIELD,57
825,CWS,NULL,CENTER ISLAND,57
826,CID,NULL,CEDAR RAPIDS,57
827,CDK,NULL,CEDAR KEY,57
828,CDC,NULL,CEDAR CITY,57
829,CIB,NULL,AP IN THE SKY,57
830,SXC,NULL,AVALO VOR/WR,57
831,AVX,NULL,AVALON BAY,57
832,TWH,NULL,TWO HARBORS,57
833,CPR,NULL,CASPER,57
834,CZK,NULL,CASCADE LOCKS/STEVENS,57
835,CSN,NULL,CARSON CITY,57
836,CIN,NULL,CARROLL,57
837,CZT,NULL,CARRIZO SPRINGS,57
838,MRY,NULL,CARMEL,57
839,CAR,NULL,MUNICIPAL,57
840,MDH,NULL,SOUTHERN ILLINOIS,57
841,CSP,NULL,COAST GUARD HELIPORT,57
842,CZF,NULL,CAPE ROMANZOF,57
843,CZP,NULL,CAPE POLE,57
844,EHM,NULL,CAPE NEWENHAM,57
845,LUR,NULL,CAPE LISBURNE,57
846,CGI,NULL,CAPE GIRARDEAU,57
847,CTK,NULL,CANTON,57
848,CNE,NULL,CANON CITY,57
849,CDL,NULL,CANDLE,57
850,CZZ,NULL,CAMPO,57
851,ADW,NULL,ANDREWS AFB,57
852,NSF,NULL,ANDREWS NAF,57
853,BKT,NULL,BLACKSTONE AAF,57
854,VOK,NULL,VOLK FIELD,57
855,CTO,NULL,PECONIC RIVER,57
856,CWG,NULL,CALLAWAY GARDENS,57
857,CDW,NULL,CALDWELL WRIGHT,57
858,CAD,NULL,CADILLAC,57
859,CBZ,NULL,CABIN CREEK,57
860,BTM,NULL,BUTTE,57
861,BFG,NULL,BULLFROD BASIN,57
862,BGR,KBGR,BANGOR INTL,57
863,CFT,NULL,MORENCI,57
864,BKL,NULL,BURKE LAKEFRONT,57
865,CGF,NULL,CUYAHOGA COUNTY,57
866,CLE,KCLE,CLEVELAND-HOPKINS INTL,57
867,CEU,NULL,OCONEE COUNTY,57
868,PSB,NULL,CLEARFIELD,57
869,CKE,NULL,CLEAR LAKE,57
870,CAO,NULL,CLAYTON,57
871,CKV,NULL,OUTLAW FIELD,57
872,CKM,NULL,FLETCHER FIELD,57
873,ICL,NULL,MUNICIPAL,57
874,CHP,NULL,CIRCLE HOT SPRINGS,57
875,IRC,NULL,CIRCLE CITY,57
876,CHU,NULL,CHUATHBALUK,57
877,CIV,NULL,CHOMLEY,57
878,CXC,NULL,CHITINA ARPT,57
879,CZO,NULL,CHISTOCHINA,57
880,HIB,NULL,CHISHOLM,57
881,CNO,NULL,CHINO,57
882,WAL,NULL,WALLOPS FLIGHT CENTER,57
883,CDS,NULL,CHILDRESS,57
884,KCQ,NULL,CHIGNIK,57
885,KBW,NULL,CHIGNIK BAY,57
886,KCG,NULL,FISHERIES,57
887,KCL,NULL,LAGOON,57
888,CEF,NULL,WESTOVER METRO ARPT,57
889,CIC,NULL,CHICO,57
890,CKX,NULL,CHICKEN,57
891,CHI,NULL,CHICAGO FSS,57
892,NOH,NULL,CHICAGO NAS,57
893,GYY,NULL,GARY REGIONAL,57
894,CGX,NULL,MERRILL C MEIGS,57
895,MDW,NULL,MIDWAY,57
896,ZUN,NULL,UNION RAILWAY SERVICE,57
897,ORD,KORD,CHICAGO-O'HARE INTL,57
898,PWK,KPWK,CHICAGO EXECUTIVE,57
899,CYS,NULL,CHEYENNE,57
900,FEW,NULL,WARREN AFB,57
901,VAK,NULL,CHEVAK,57
902,HTW,NULL,HUNTINGTON COUNTY,57
903,CKA,NULL,KEGELMAN AF,57
904,CKK,NULL,CHEROKEE,57
905,HCW,NULL,CHERAW,57
906,CEX,NULL,CHENA HOT SPRINGS,57
907,CLS,NULL,CENTRALIA,57
908,CYF,NULL,CHAFORNAK SPB,57
909,QDK,NULL,GREYHOUND BUS SERVICE,57
910,CHA,NULL,LOVELL FIELD,57
911,CHO,NULL,ALBEMARLE,57
912,QWG,NULL,WILGROVE AIR PARK,57
913,CLT,KCLT,CHARLOTTE,57
914,CHS,NULL,AFB MUNICIPAL,57
915,CRW,NULL,YEAGER,57
916,SLJ,NULL,STELLAR AIR PARK,57
917,CHD,NULL,WILLIAMS AFB,57
918,WCR,NULL,CHANDALAR,57
919,CMI,NULL,WILLARD UNIVERSITY,57
920,CIK,NULL,CHALKYITSIK,57
921,CDR,NULL,CHADRON,57
922,CEM,NULL,CENTRAL,57
923,KCC,NULL,COFFMAN COVE SPB,57
924,CFA,NULL,COFFEE POINT,57
925,COD,NULL,YELLOWSTONE REGIONAL,57
926,COF,NULL,PATRICK AFB,57
927,CTH,NULL,CHESTERCOUNTY CARLSON,57
928,CLG,NULL,COALINGA,57
929,CVS,NULL,CANNON AFB,57
930,CLI,NULL,CLINTONVILLE,57
931,EWN,NULL,SIMMONS NOTT,57
932,EWR,KEWR,NEWARK INTL,57
933,ENN,NULL,MUNICIPAL,57
934,HEZ,NULL,HARDY-ANDERS,57
935,BNA,NULL,METROPOLITAN,57
936,APC,NULL,NAPA COUNTRY,57
937,RZZ,NULL,HALIFAX COUNTY,57
938,RIR,NULL,FLA-BOB,57
939,RIL,NULL,GARFIELD COUNTY,57
940,RIF,NULL,REYNOLDS,57
941,RHI,NULL,ONEIDA COUNTY,57
942,RNO,NULL,RENO/TAHO INTERNATIONAL,57
943,RDM,NULL,ROBERTS FIELD,57
944,RDG,NULL,MUNICIPAL/SPAATZ FIELD,57
945,KWN,NULL,KWINHAGAK,57
946,PUW,NULL,MOSCOW REGIONAL,57
947,PUB,KPUB,PUEBLO MEMORIAL,57
948,PVD,KPVD,THEODORE FRANCIS GREEN STATE AIRPORT,57
949,PUC,NULL,CARBON COUNTY,57
950,POU,NULL,DUTCHESS COUNTY,57
951,PSM,KPSM,PEASE AIR NATIONAL GUARD BASE,57
952,CLM,NULL,FAIRCHILD INTERNATIONAL,57
953,POF,NULL,EARL FIELDS MEMORIAL,57
954,PIZ,NULL,DEW STATION,57
955,PIT,KPIT,PITTSBURGH INTL,57
956,AGC,NULL,ALLEGHENY COUNTRY,57
957,PBF,NULL,GRIDER FIELD,57
958,UGB,NULL,UGASHIK BAY,57
959,PIP,NULL,PILOT POINT,57
960,PHX,KPHX,PHOENIX SKY HARBOR INTL,57
961,SCF,NULL,SCOTTSDALE MUNICIPAL,57
962,PHL,KPHL,PHILADELPHIA INTL,57
963,PNE,NULL,NORTH PHILADELPHIA,57
964,VYS,NULL,ILLINOIS VALLEY REGIONAL,57
965,PIA,NULL,GREATER PEORIA,57
966,PNS,NULL,REGIONAL,57
967,PLN,NULL,EMMET COUNTY,57
968,PTN,NULL,MUNICIPAL HELIPORT,57
969,PSC,NULL,TRI-CITIES,57
970,PPF,NULL,TRI-CITY,57
971,PKB,NULL,WOOD COUNTY,57
972,WPO,NULL,NORTH FORK VALLEY,57
973,PMD,KPMD,"PALMDALE,PROD.FLIGHT TEST INSTALL.",57
974,PAH,NULL,BARKLEY REGIONAL,57
975,OWB,NULL,DAVIESS COUNTY,57
976,SFB,NULL,SANFORD,57
977,ORL,NULL,HERNDON,57
978,ONH,NULL,MUNICIPAL,57
979,OMA,NULL,EPPLEY AIRFIELD,57
980,MIQ,NULL,MILLARD,57
981,OKC,NULL,WILL ROGERS WORLD,57
982,PWA,NULL,WILEY POST,57
983,OCF,NULL,TAYLOR FIELD,57
984,OAK,KOAK,METROPOLITAN OAKLAND INTL,57
985,LBF,NULL,LEE BIRD MUNICIPAL,57
986,OFK,NULL,KARL STEFAN FIELD,57
987,ORF,NULL,INTERNATIONAL,57
988,ORV,NULL,CURTIS MEMORIAL,57
989,IAG,KIAG,NIAGARA FALLS INTL,57
990,JFK,KJFK,JOHN F. KENNEDY INTL,57
991,LGA,NULL,LA GUARDIA,57
992,NULL,KHPN,WESTCHESTER COUNTY AIRPORT,57
993,MSY,KMSY,NEW ORLEANS INTL (MOISANT FIELD),57
994,NEW,NULL,LAKEFRONT,57
995,SWF,KSWF,STEWART,57
996,ALS,NULL,MUNICIPAL,57
997,CAK,NULL,REGIONAL,57
998,AKC,NULL,FULTON INTERNATIONAL,57
999,KKI,NULL,SEA PLANE BASE,57
1000,AKK,NULL,SEA PLANE BASE,57
1001,ARV,NULL,NOBLE F.LEE,57
1002,COE,NULL,COEUR D'ALENE,57
1003,COI,NULL,MERRITT ISLAND,57
1004,CSM,KCSM,CLINTON-SHERMAN,57
1005,CWI,NULL,CLINTON,57
1006,CTZ,NULL,SAMPSON COUNTY,57
1007,CLC,NULL,METROPORT,57
1008,CKB,NULL,BENEDUM,57
1009,CVG,KCVG,CINCI./NRTHRN KENTUCKY,57
1010,CZN,NULL,CHISANA FIELD,57
1011,NULL,KTUL,TULSA,57
1012,TUL,NULL,INTERNATIONAL,57
1013,LAN,NULL,CAPITAL CITY,57
1014,ISC,NULL,ST MARYS,57
1015,TSO,NULL,TRESCO,57
1016,GPT,NULL,BILOXI REGIONAL,57
1017,SQV,NULL,SEQUIM VALLEY,57
1018,BFI,KBFI,BOEING FIELD-KING COUNTY INTL,57
1019,SEA,KSEA,SEATTLE-TACOMA INTL,57
1020,LKE,NULL,LAKE UNION SEAPLANE BASE,57
1021,JMC,NULL,MARIN COUNTY,57
1022,CIU,NULL,CHIPPEWA COUNTRY,57
1023,SAA,NULL,SHIVELY,57
1024,SRF,NULL,HAMILTON FIELD,57
1025,SBP,NULL,COUNTY,57
1026,SFO,KSFO,SAN FRANCISCO INTL,57
1027,SKY,NULL,GRIFFING,57
1028,SAN,KSAN,SAN DIEGO INTL-LINDBERGH FIELD,57
1029,MYF,NULL,MONTGOMERY FIELD,57
1030,SAT,KSAT,SAN ANTONIO INTL,57
1031,SSF,NULL,STINSON MUNICIPAL,57
1032,SJT,NULL,MATHIS FIELD,57
1033,SLC,NULL,INTERNATIONAL,57
1034,SBY,NULL,WICOMICO COUNTY,57
1035,SLE,NULL,MCANARY FIELD,57
1036,MBS,NULL,TRI-CITY,57
1037,SMF,KSMF,SACRAMENTO METROPOLITAN,57
1038,ROW,NULL,INDUSTRIAL,57
1039,NULL,KROG,CARTER FIELD,57
1040,RWI,NULL,WILSON,57
1041,RKS,NULL,SWEETWATER COUNTY,57
1042,RKD,NULL,KNOX COUNTY REGIONAL,57
1043,RFD,NULL,GREATER ROCKFORD,57
1044,RMC,NULL,MACHESNEY,57
1045,ROC,NULL,MONROE COUNTY,57
1046,DAL,KDAL,DALLAS LOVE FIELD AIRPORT,57
1047,HQM,NULL,HOQUIAM,57
1048,MKK,NULL,MOLOKAI,57
1049,NAX,PHNA,BARBERS POINT NAS,57
1050,HNL,PHNL,HONOLULU INTL,57
1051,ITO,PHTO,HILO INTL,57
1052,BDL,NULL,BRADLEY INTERNATIONAL,57
1053,HFD,NULL,BRAINARD,57
1054,HAR,NULL,SKYPORT,57
1055,HRL,KHRL,RIO GRANDE VALLEY INTL,57
1056,CMX,NULL,HOUGHTON COUNTY,57
1057,GUF,NULL,EDWARDS,57
1058,GWO,NULL,LEFLORE,57
1059,GSP,NULL,GREENVILLE-SPARTANBURG,57
1060,GVT,NULL,MAJORS FIELD,57
1061,PGV,NULL,PITT-GREENVILLE,57
1062,GSO,NULL,PIEDMONT TRIAD INTERNATIONAL,57
1063,GRB,NULL,AUSTIN-STRAUBEL FIELD,57
1064,GXY,NULL,WELD COUNTY,57
1065,GTF,KGTF,GREAT FALLS INTERNATIONAL AIRPORT,57
1066,GRR,KGRR,GERALD R. FORD INTERNATIONAL AIRPORT,57
1067,GJT,NULL,WALKER FIELD,57
1068,FLG,NULL,PULLIAM FIELD,57
1069,GCN,NULL,NATIONAL PARK,57
1070,GLD,NULL,RENNER FIELD,57
1071,GFL,NULL,WARREN COUNTY,57
1072,GDV,NULL,DAWSON COMMUNITY,57
1073,GCC,NULL,CAMPBELL COUNTY,57
1074,GLS,NULL,SCHOLES FIELD,57
1075,GUP,NULL,SENATOR CLARK,57
1076,GNV,NULL,GAINESVILLE REGIONAL,57
1077,OIL,NULL,SPLANE MEMORIAL,57
1078,FKL,NULL,CHESS LAMBERTIN,57
1079,FWA,NULL,BAER FIELD,57
1080,FPR,NULL,ST LUCIE COUNTY,57
1081,FMY,NULL,PAGE FIELD,57
1082,RSW,NULL,SOUTHWEST FLORIDA REGIONAL,57
1083,FLL,KFLL,FORT LAUDERDALE-HOLLYWOOD INTL,57
1084,FXE,KFXE,EXECUTIVE,57
1085,FNL,NULL,LOVELAND MUNICIPAL,57
1086,FNT,NULL,BISHOP,57
1087,FID,NULL,ELIZABETH FIELD,57
1088,FIL,NULL,MUNICIPAL,57
1089,FYV,NULL,MUNICIPAL (DRAKE FIELD),57
1090,XNA,NULL,NORTHWEST ARKANSAS REGIONAL,57
1091,FAR,NULL,HECTROR FIELD,57
1092,ESC,NULL,DELTA COUNTY,57
1093,DLH,KDLH,INTERNATIONAL,57
1094,DUJ,NULL,JEFFERSON COUNTY,57
1095,DUG,KDUG,BISBEE-DOUGLAS INTL,57
1096,DTW,KDTW,DETROIT METROPOLITAN WAYNE COUNTY,57
1097,DET,NULL,DETROIT CITY,57
1098,DEN,KDEN,DENVER INTL.,57
1099,DRT,KDRT,DEL RIO INTL,57
1100,DAY,NULL,JAMES COX DAYTON INTERNATIONAL,57
1101,DNV,NULL,VERMILLON COUNTY,57
1102,DFW,KDFW,DALLAS-FORT WORTH INTL,57
1103,FTW,NULL,MEACHAM FIELD,57
1104,DLS,KDLS,THE DALLES,57
1105,CBE,NULL,WILEY FORD,57
1106,LYH,NULL,PRESTON-GLENN FIELD,57
1107,LJC,NULL,INTERCONTINENTAL,57
1108,SDF,NULL,STANDIFORD FIELD,57
1109,GGG,NULL,GREGG COUNTY,57
1110,LGB,KLGB,LONG BEACH,57
1111,LGU,NULL,CACHE,57
1112,FFT,NULL,CAPITAL CITY,57
1113,LEX,NULL,BLUE GRASS,57
1114,LWS,NULL,NEZ PERC COUNTY RGNL,57
1115,LWB,NULL,GREENBRIER VALLEY,57
1116,LWK,NULL,LERWICK/TINGWALL,57
1117,LTW,NULL,ST MARYS COUNTY,57
1118,PIB,NULL,PINE BELT REGIONAL,57
1119,LBE,NULL,WESTMORELAND COUNTY,57
1120,LAS,KLAS,MCCARRAN INTL,57
1121,HSH,NULL,HENDERSON SKY HARBOR,57
1122,VGT,NULL,NORTH AIR TERMINAL,57
1123,LRD,KLRD,LAREDO INTL,57
1124,LAR,NULL,GENERAL BREES FIELD,57
1125,LPO,NULL,MUNICIPAL,57
1126,LND,NULL,HUNT FIELD,57
1127,WJF,NULL,WILLIAM J FOX,57
1128,LKV,NULL,LAKE COUNTY,57
1129,AIZ,NULL,LEE C FINE MEMORIAL,57
1130,LJN,NULL,BRAZORIA COUNTY,57
1131,LAF,NULL,PURDUE UNIVERSITY,57
1132,KOA,NULL,KE-AHOLE,57
1133,ADQ,NULL,KODIAK,57
1134,OBU,NULL,RALPH WIEN MEMORIAL,57
1135,TYS,NULL,MCGHEE TYSON,57
1136,LMT,NULL,KINGSLEY FIELD,57
1137,ISM,NULL,MUNICIPAL,57
1138,ISO,NULL,STALLING FIELD,57
1139,AKN,PAKN,KING SALMON,57
1140,IAN,NULL,BOB BARKER MEMORIAL,57
1141,EEN,NULL,DILLANT-HOPKINS,57
1142,MVM,NULL,MONUMENT COUNTY,57
1143,HPV,NULL,PRINCEVILLE,57
1144,LIH,NULL,LIHUE,57
1145,MCI,KMCI,KANSAS CITY INTL,57
1146,MKC,NULL,DOWNTOWN,57
1147,FCA,NULL,GLACIER NATIONAL PARK,57
1148,AZO,NULL,BATTLE CREEK INTERNATIONAL,57
1149,OGG,PHOG,KAHULUI,57
1150,JST,NULL,CAMBRIA COUNTY,57
1151,JVL,NULL,ROCK COUNTY,57
1152,CRG,NULL,CRAIG MUNICIPAL,57
1153,JAX,NULL,INTERNATIONAL,57
1154,OAJ,NULL,ALBERT J. ELLIS,57
1155,NULL,KJAX,JECKSONVILLE INTERNATIONAL AIRPORT,57
1156,JXN,NULL,REYNOLDS MUNICIPAL,57
1157,MKL,NULL,MCKELLAR,57
1158,HKS,NULL,HAWKINS FIELD,57
1159,JAC,NULL,JACKSON HOLE,57
1160,ISP,NULL,LONG ISLAND MACARTHUR,57
1161,IWD,NULL,GOGEBIC COUNTY,57
1162,INL,NULL,FALLS INTERNATIONAL,57
1163,IND,KIND,INDIANAPOLIS INTL,57
1164,IDA,NULL,FANNING FIELD,57
1165,HYA,NULL,BARNSTABLE,57
1166,HON,NULL,HOWES,57
1167,HSV,NULL,MADISON COUNTY,57
1168,HTS,NULL,TRI-STATE/MILTON,57
1169,HSP,NULL,INGALLS FIELD,57
1170,BPT,NULL,JEFFERSON COUNTRY,57
1171,BTL,NULL,W.K. KELLOGG REGIONAL,57
1172,BTR,NULL,RYAN,57
1173,BRW,NULL,WILL ROGERS MEMORIAL,57
1174,MPV,NULL,EDWARD F. KNAPP STATE,57
1175,BNF,NULL,WARM SPRING BAY SPB,57
1176,BWI,KBWI,BALTIMORE-WASHINGTON INTL,57
1177,BFL,NULL,MEADOWS FIELD,57
1178,AUS,NULL,AUSTIN-BERGSTROM INTERNATIONAL,57
1179,AUG,NULL,AUGUSTA STATE,57
1180,AGS,NULL,BUSH FIELD,57
1181,AUO,NULL,AUBURN-OPELIKA,57
1182,ATU,NULL,CASCO COVE,57
1183,AIY,NULL,BADER FIELD,57
1184,ATO,NULL,OHIO UNIVERSITY,57
1185,AVL,NULL,ASHEVILLE REGIONAL,57
1186,AHD,NULL,DOWNTOWN,57
1187,ATW,NULL,OUTAGAMIE COUNTRY,57
1188,ANB,NULL,ANNISTON COUNTRY,57
1189,AID,NULL,MUNICIPAL,57
1190,APN,NULL,ALPENA COUNTRY REGIONAL,57
1191,ALZ,NULL,SEA PLANE BASE,57
1192,HAX,NULL,HATBOX FIELD,57
1193,MKO,NULL,DAVIS FIELD,57
1194,MIE,NULL,DELAWARE COUNTY,57
1195,MGR,NULL,THOMASVILLE,57
1196,MUL,NULL,SPENCE,57
1197,MWH,NULL,GRANT COUNTY,57
1198,MTJ,NULL,MONTROSE COUNTY,57
1199,MSV,NULL,SULLIVAN COUNTY INTERNATIONAL,57
1200,MLI,NULL,QUAD-CITIES,57
1201,BFM,NULL,AEROSPACE,57
1202,CNY,NULL,CANYON LAND FIELD,57
1203,MSO,NULL,MISSOULA COUNTY,57
1204,MEV,NULL,DOUGLAS COUNTY,57
1205,MKE,KMKE,GENERAL MITCHELL FIELD,57
1206,MAF,NULL,ODESSA REGIONAL,57
1207,TMB,KTMB,KENDALL-TAMIAMI EXECUTIVE,57
1208,MIA,KMIA,MIAMI INTL,57
1209,OPF,KOPF,OPA LOCKA,57
1210,MPB,NULL,SEAPLANE BASE,57
1211,MEI,NULL,KEY FIELD,57
1212,MCE,NULL,MERCED MUNICIPAL,57
1213,MEM,KMEM,MEMPHIS INTERNATIONAL AIRPORT,57
1214,MYU,NULL,ELLIS FIELD,57
1215,MTO,NULL,COLES COUNTY,57
1216,MSS,NULL,RICHARD'S FIELD,57
1217,MYV,NULL,YUBA COUNTY,57
1218,MML,NULL,MUNICIPAL-RYAN FIELD,57
1219,MQT,NULL,SAWYER INTERNATIONAL,57
1220,MWA,NULL,WILLIAMSON COUNTY,57
1221,NTJ,NULL,MANTI EPHRAIM,57
1222,MFD,NULL,LAHM MUNICIPAL,57
1223,MBL,NULL,MANISTEE-LUDINGTON,57
1224,MHT,NULL,AMMON MUNICIPAL,57
1225,MSN,NULL,DANE COUNTY REGIONAL,57
1226,MCN,NULL,LEWIS B. WILSON,57
1227,BAF,NULL,BARNES,57
1228,EAT,NULL,PANGBORN FIELD,57
1229,CWA,NULL,CENTRAL WISCONSIN,57
1230,WVL,NULL,ROBERT LAFLEUR,57
1231,IAD,KIAD,DULLES INTL,57
1232,WSG,NULL,COUNTY,57
1233,CNW,NULL,JAMES CONNALL,57
1234,VCT,NULL,COUNTY-FOSTER,57
1235,YWH,NULL,INNER HARBOUR,57
1236,VPS,NULL,FORT WALTON BEACH,57
1237,VPZ,NULL,PORTER COUNTY,57
1238,EGE,NULL,EAGLE COUNTY,57
1239,UTO,NULL,INDIAN MOUNTAIN AFS,57
1240,UCA,NULL,ONEIDA COUNTY,57
1241,TYR,NULL,POUNDS FIELD,57
1242,TWF,NULL,JOSLIN FIELD,57
1243,WNC,NULL,NICHEN COVE,57
1244,TUP,NULL,LEMONS MUNICIPAL,57
1245,TNJ,NULL,KIJANG,57
1246,TOL,NULL,EXPRESS,57
1247,TXK,NULL,MUNICIPAL,57
1248,HUF,NULL,HULMAN FIELD,57
1249,TPL,NULL,DRAUGHON-MILLER,57
1250,TAL,NULL,RALPH CALHOUN,57
1251,TLH,NULL,MUNICIPAL,57
1252,SYR,KSYR,SYRACUSE-HANCOCK INTL,57
1253,TPA,KTPA,TAMPA INTL,57
1254,SUE,NULL,DOOR COUNTY,57
1255,MMN,NULL,MINUTE MAN,57
1256,SCK,KSCK,STOCKTON METROPOLITAN,57
1257,SWO,NULL,SEARCY FIELD,57
1258,ISW,NULL,ALEXANDER FIELD,57
1259,SQI,NULL,WHITESIDE COUNTY,57
1260,SHD,NULL,SHENANDOAH VALEY,57
1261,SCE,NULL,UNIVERSITY PARK,57
1262,SGF,NULL,SPRINGFIELD-BRANSON REGIONAL,57
1263,SPA,NULL,DOWNTOWN MEMORIAL,57
1264,SOP,NULL,PINEHURST-S. PINES,57
1265,SKW,NULL,INTERMEDIATE,57
1266,FSD,NULL,REGIONAL,57
1267,SUX,NULL,SIOUX GATEWAY,57
1268,SVC,NULL,GRANT COUNTY,57
1269,SDY,NULL,RICHLAND MUNICIPAL,57
1270,WSH,NULL,BROOKHAVEN,57
1271,PNX,NULL,GRAYSON COUNTY,57
1272,SHN,NULL,SANDERSON FIELD,57
1273,BTV,NULL,INTERNATIONAL,57
1274,IFP,NULL,LAUGHLIN BULLHEAD INTERNATIONAL,57
1275,BUF,NULL,BUFFALO NIAGARA INTERNATIONAL,57
1276,BQK,NULL,GLYNCO JETPORT,57
1277,BRO,KBRO,SOUTH PADRE ISLAND INTL,57
1278,BRD,NULL,CROW WING COUNTRY,57
1279,BZN,NULL,GALLATIN FIELD,57
1280,BWG,NULL,WARREN COUNTRY,57
1281,BOI,NULL,AIR TERMINAL(GOWEN FIELD),57
1282,BLF,NULL,MERCER COUNTRY,57
1283,BBX,NULL,WINGS FIELD,57
1284,HCA,NULL,HOWARD COUNTY,57
1285,BEH,NULL,ROSS FIELD,57
1286,KBE,NULL,HOT SPRINGS SPB,57
1287,BCS,NULL,SOUTHERN SEAPLANE SPB,57
1288,BED,NULL,HANSCOM FIELD,57
1289,IAH,KIAH,HOUSTON INTERCONTINENTAL,57
1290,EFD,NULL,ELLINGTON FIELD,57
1291,HOU,KHOU,HOUSTON,57
1292,SGR,NULL,SUGAR LAND MUNICIPAL,57
1293,HGR,NULL,WASHINGTON COUNTY REGIONAL,57
1294,FRG,NULL,REPUBLIC FIELD,57
1295,NULL,KFRG,FARMINGDALE,57
1296,KEK,NULL,EKWOK,57
1297,PHN,KPHN,PORT HURON,57
1298,LAX,KLAX,LOS ANGELES INTL,57
1299,VNY,NULL,VAN NUYS,57
1300,GEG,KGEG,SPOKANE INTL,57
1301,SFF,NULL,FELTS FIELD,57
1302,FAT,KFAT,FRESNO AIR TERMINAL,57
1303,EIL,PAEI,EIELSON AIR FORCE BASE,57
1304,FAI,PAFA,FAIRBANKS INTL,57
1305,OTM,NULL,INDUSTRIAL,57
1306,OSH,NULL,WINNEBAGO COUNTY,57
1307,IMT,NULL,FORD,57
1308,IYK,NULL,KEM COUNTY,57
1309,MZJ,KMZJ,MARANA,57
1310,TRI,KTRI,TRI-CITIES REGIONAL,57
1311,DPA,KDPA,DUPAGE AIRPORT,57
1312,NULL,KARD,ANDRUS AIR BASE,57
1313,RDU,KRDU,"RALEIGH-DURHAM INTERNATIONAL AIRPORT,NC",57
1314,BOS,KBOS,GEN. EDWARD L. LOGAN INTL,57
1315,MTP,NULL,SKY PORTAL,57
1316,MSP,KMSP,MINNEAPOLIS ST.PAUL INTL,57
1317,JDT,NULL,DOWNTOWN HELIPORT,57
1318,PBI,KPBI,PALM BEACH INTL,57
1319,LNA,NULL,PALM BEACH COUNTY,57
1320,ONT,KONT,ONTARIO INTL,57
1321,WBN,NULL,CUMMINGS PARK,57
1322,TCL,NULL,VAN DE GRAAF,57
1323,SLK,NULL,ADIRONDACK,57
1324,TTN,NULL,MERCER COUNTY,57
1325,TEB,KTEB,TETERBORO,57
1326,YKN,NULL,CHAN GURNEY,57
1327,YKM,NULL,AIR TERMINAL,57
1328,INT,NULL,SMITH-REYNOLDS,57
1329,ILN,NULL,CLINTON FIELD,57
1330,ISN,NULL,SLOULIN FIELD,57
1331,IPT,NULL,LYCOMING COUNTY,57
1332,KIP,NULL,KICKAPOO,57
1333,ICT,NULL,MID-CONTINENT,57
1334,HLG,NULL,OHIO COUNTY,57
1335,KWP,NULL,VILLAGE SEAPLANE BASE,57
1336,FOK,NULL,SUFFOLK COUNTY,57
1337,ATL,KATL,WILLIAM B. HARTSFIELD-ATLANTA INTL,57
1338,ANC,PANC,ANCHORAGE INTL,57
1339,EDF,PAED,ELMENDORF AIR FORCE BASE,57
1340,MRI,NULL,MERRILL FIELD,57
1341,EFO,NULL,EAST FORK,57
1342,CTX,NULL,CORTLAND,57
1343,KCR,NULL,COLORADO CREEK,57
1344,CLR,NULL,CALIPATRIA,57
1345,BUM,NULL,BUTLER,57
1346,BTP,NULL,GRAHAM FIELD,57
1347,ESN,NULL,EASTON,57
1348,ABE,NULL,LEHIGH VALLEY INT'L,57
1349,CEZ,NULL,MONTEZUMA COUNTY,57
1350,CLP,NULL,CLARKS POINT,57
1351,KCN,NULL,SPB,57
1352,CHL,NULL,CHALLIS,57
1353,CNM,NULL,CARLSBAD,57
1354,CLD,NULL,NULL,57
1355,BDR,NULL,IGOR I.SIKORSKY,57
1356,BIG,NULL,INTERMEDIATE FIELD,57
1357,WAS,KADW,ANDREWS,57
1358,ILM,NULL,NEW HANOVER COUNTY,57
1359,WBW,NULL,WYOMING VALLE,57
1360,TUS,KTUS,TUCSON INTL,57
1361,SAV,NULL,SAVANNAH/HILTON HEAD,57
1362,RLA,NULL,NATIONAL,57
1363,MGM,NULL,DANNELLY FIELD,57
1364,MDO,NULL,INTERMEDIATE,57
1365,ITH,NULL,TOMPKINS COUNTY,57
1366,BUJ,NULL,AIN EDDIS,57
1367,TMR,DAAT,AGUENNAR,57
1368,SBZ,LRSB,SIBIU,57
1369,ABV,DNAA,ABUJA,57
1370,NULL,OAIX,BAGRAM,57
1371,NULL,RKSM,SINCHONRI,58
1372,GMP,NULL,GIMPO INTERNATIONAL,58
1373,SEL,RKSS,KIMPO INTL,58
1374,CHN,NULL,CHONJU,58
1375,PUS,RKPK,KIMHAE INTL,58
1376,HIN,NULL,SACHEON,58
1377,CHF,NULL,CHINHAE,58
1378,CJJ,NULL,CHEONG JU AIRPORT,58
1379,JCJ,NULL,CHU JA HELIPORT,58
1380,CJU,RKPC,CHEJU ARPT,58
1381,ICN,RKSI,INCHEON INTERNATIONAL AIRPORT,58
1382,JSP,NULL,SOGWIPO HELIPORT,58
1383,SHO,NULL,SEOLAK,58
1384,KNN,GUXD,DIANKANA,59
1385,NZE,GUNZ,KONIA,59
1386,SBI,NULL,SAMBAILO,59
1387,LEK,GULB,TATA,59
1388,CKY,GUCY,CONAKRY,59
1389,FAA,GUFH,BADALA,59
1390,LCA,LCLK,LARNACA INTL,60
1391,NIC,LCNC,NICOSIA,60
1392,PFO,LCPH,PAPHOS,60
1393,ECN,LCEN,ERCAN INTERNATIONAL AIRPORT,60
1394,ISL,NULL,ISL,61
1395,GZP,LTFG,Gazipasa Airport,61
1396,MSR,LTCK,MUSH,61
1397,ERC,ERC,ERZINCAN,61
1398,ERZ,LTCE,ERZURUM,61
1399,EDO,NULL,EDREMIT/KORFEZ,61
1400,TEQ,LTBU,CORLU,61
1401,CKZ,NULL,CANAKKALE,61
1402,YEI,LTBR,YENISEHIR,61
1403,BTZ,LTBE,BURSA,61
1404,AYT,LTAI,ANTALYA,61
1405,ESB,LTAC,ESENBOGA,61
1406,ANK,LTAD,"ETISMEGUT AIRPORT, ANKARA",61
1407,ADA,LTAF,ADANA,61
1408,AOE,NULL,ANADOLU UNIVERSITY,61
1409,NULL,LTBI,ESKISEHIR/MIL,61
1410,NULL,LTAG,ADANA/MIL/,61
1411,ISR,NULL,ISKENDERAN,61
1412,IST,LTBA,ATATURK,61
1413,IZM,LTFA,IZMIR,61
1414,ADB,LTBJ,ADNAN MENDERES,61
1415,DLM,LTBS,DALAMAN,61
1416,SAW,LTFJ,SABIHA,61
1417,TZX,LTCG,TRABZON,61
1418,DNZ,NULL,CARDAK,61
1419,MQJ,NULL,MERKEZ,61
1420,KYA,NULL,KONYA,61
1421,SZF,LTFH,CARSAMBA,61
1422,VAS,LTAR,SIVAS,61
1423,BJV,LTFE,BODRUM,61
1424,BXN,LTBV,BODRUM,61
1425,GZT,NULL,GAZIANTEP,61
1426,ISE,LTFC,ISPARTA,61
1427,NAV,LTAZ,NEVSEHIR,61
1428,MIU,DNMA,MAIDUGURI,62
1429,SKO,DNSO,SADDIQ ABUBAKAR III INT.,62
1430,PHC,DNPO,PORT HARCOURT INTL,62
1431,LOS,DNMM,MURTALA MUHAMMED,62
1432,KAN,DNKN,MALLAM AMINU KANO INTL,62
1433,KAD,DNKA,KADUNA,62
1434,ILR,DNIL,ILORIN,62
1435,CBQ,DNCA,CALABAR,62
1436,GIB,LXGB,NORTH FRONT,63
1437,BTQ,NULL,BUTARE,64
1438,KGL,HRYR,KIGALI GREGOIRE KAYIBANDA,64
1439,CHJ,NULL,CHIPINGE,65
1440,VFA,FVFA,VICTORIA FALLS,65
1441,BUQ,FVBU,BULAWAYO,65
1442,HRE,FVHA,HARARE,65
1443,DYU,UTDD,DUSHANBE,66
1444,LBD,UTDL,KHUDZHAND,66
1445,WUX,ZSWX,SUNAN SHUOFADN,67
1446,NKG,ZSNJ,NANJING,67
1447,HRB,ZYHB,YANJIAGANG,67
1448,HGH,ZSHC,JIANQIAO,67
1449,CAN,ZGGG,BAIYUN,67
1450,GYS,NULL,GUANG YUAN,67
1451,KHH,RCKH,GAOXIONG,67
1452,CIF,NULL,CHIFENG,67
1453,CTU,NULL,CHENGDU,67
1454,CHG,NULL,CHAOYANG AIRPORT,67
1455,CZX,NULL,CHANGZHOU,67
1456,CIH,NULL,CHANGZHI,67
1457,CSX,NULL,CHANGSHA,67
1458,CGD,NULL,CHANGDE,67
1459,CGQ,NULL,CHANGCHUN,67
1460,PEK,ZBAA,BEIJING,67
1461,NAY,NULL,NANYUAN,67
1462,HSN,NULL,ZHOUSHAN,67
1463,YIW,NULL,YIWU,67
1464,YNT,NULL,LAISHAN,67
1465,XUZ,NULL,GUANUIN,67
1466,SIA,NULL,XIGUAN,67
1467,XIY,NULL,XIANYANG,67
1468,WNZ,ZSWZ,WENZHOU,67
1469,TNH,NULL,TONGHUA LIHUE,67
1470,JZN,NULL,JIU ZHAI HUANG LONG,67
1471,SYX,ZGSY,SANYA FENGHUANG INTERNATIONAL AIRPORT,67
1472,TAO,ZSQD,QINGDAO,67
1473,NGB,NULL,NINGBO,67
1474,LUM,NULL,MANGSHI,67
1475,JHG,NULL,GASA,67
1476,FOC,NULL,FUZHOU,67
1477,DOY,NULL,DONGYING,67
1478,DLC,NULL,DALIAN,67
1479,HAK,ZJHK,MEILAN,67
1480,NULL,ZBBB,BEIJING CITY,67
1481,KMG,ZPPP,WUJIABA,67
1482,URC,ZWWW,DIWOPU,67
1483,CKG,NULL,CHONGQING,67
1484,CNI,NULL,CHANGHAI,67
1485,ZGC,ZLLL,ZHONGCHUAN,67
1486,LHW,KLHZ,LANZHOU,67
1487,HHA,ZGHA,CHANGSHA HUANGHUA INTERNATIONAL AIRPORT,67
1488,XMN,ZSAM,GAOQI,67
1489,TSN,ZBTJ,ZHANGGUIZHUANG,67
1490,TYN,ZBYN,WUSU,67
1491,NULL,ZBSJ,SHIJIAZHUANG,67
1492,SJW,NULL,DAGUOCUN,67
1493,SZX,ZGSZ,HUANGTIAN,67
1494,SHE,ZYTX,TAOXIAN,67
1495,SHA,ZSSS,HONGQIAO,67
1496,PVG,ZSPD,SHANGHAI PUDONG INTERNATIONAL AIRPORT,67
1497,NNG,ZGNN,WUXU,67
1498,TNA,ZSJN,JINAN,67
1499,HTN,ZWTN,HOTAN,67
1500,HFE,ZSOF,LUOGANG,67
1501,STT,TIST,CYRIL E. KING,68
1502,SPB,NULL,SEAPLANE BASE,68
1503,STX,TISX,ALEXANDER HAMILTON,68
1504,EUX,TNCE,"F.D. ROOSEVELT,ST.EUSTATIUS I.",69
1505,AUA,TNCA,REINA BEATRIX INTL,69
1506,KDH,OAKN,KANDAHAR INTL,70
1507,BES,LFRB,GUIPAVAS,71
1508,VTB,UMII,VITEBSK,71
1509,NULL,UMMA,BORONOWICHI,71
1510,GNA,UMMG,GRODNA,71
1511,MVQ,UMOO,MOGILEV,71
1512,BQT,UMBB,BREST,71
1513,GME,UMGG,GOMEL,71
1514,NULL,UMLI,MACHULIQE,71
1515,MHP,UMMM,MINSK-1,71
1516,MSQ,UMMS,MINSK-2,71
1517,EVN,UDYZ,ZVARTNOTS,72
1518,NULL,UDLS,STEPANAVAN,72
1519,NULL,UGEN,SISIAN,72
1520,NULL,UGEL,SHRIAK,72
1521,NULL,UGEG,GORIS,72
1522,NULL,UGEW,EREBUNI,72
1523,NULL,UDYE,EREBUNI,72
1524,NULL,OTBH,AL UDEID AIR BASE,73
1525,DOH,OTBD,DOHA INTL,73
1526,MSU,FXMM,MOSHOESHOE I INTL,74
1527,MVB,FOON,M'VENGUE,75
1528,LBV,FOOL,LEON M'BA,75
1529,POG,FOOG,PORT GENTIL,75
1530,ENO,NULL,TENIENTE PRIM AIARCON,76
1531,ASU,SGAS,SILVIO PETTIROSSI,76
1532,AGT,NULL,ALEJO GARCIA,76
1533,FDF,TFFF,"LE LAMENTIN,MARTINIQUE",77
1534,CDH,NULL,HARRELL FLD,78
1535,CDN,NULL,WOODWARD FLD,78
1536,MLB,NULL,REGIONAL,78
1537,NCL,EGNT,NEWCASTLE,78
1538,CFE,LFLC,AULNAT,78
1539,YQY,CYQY,SYDNEY,78
1540,CBI,NULL,CAPE BARREN ISLAND,78
1541,CBR,NULL,CANBERRA,78
1542,CML,NULL,CAMOOWEAL,78
1543,CFI,NULL,CAMFIELD,78
1544,CDU,NULL,CAMDEN,78
1545,CNS,YBCS,CAIRNS,78
1546,CGV,NULL,CAIGUNA,78
1547,PER,YPPH,PERTH INTL,78
1548,KGI,YPKG,KALGOORLIE,78
1549,OOL,NULL,COOLANGATTA,78
1550,EKD,NULL,ELKEDRA,78
1551,CCW,NULL,COWELL,78
1552,KCE,NULL,COLLINSVILLE,78
1553,CFH,NULL,CLIFTON HILLS,78
1554,CUD,NULL,CALOUNDRA,78
1555,ENB,NULL,ENEABBA WEST,78
1556,EMD,NULL,EMERALD,78
1557,ELC,NULL,ELCHO ISLAND,78
1558,EIH,NULL,EINASLEIGH,78
1559,EDR,NULL,EDWARD RIVER,78
1560,ECH,NULL,ECHUCA,78
1561,DYA,NULL,DYSART,78
1562,DRW,YPDN,DARWIN,78
1563,CKI,NULL,CROKER ISLAND,78
1564,CSD,NULL,CRESSWELL DOWNS,78
1565,CWT,NULL,COWRA,78
1566,CWR,NULL,COWARIE,78
1567,CYG,NULL,CORRYONG,78
1568,CWW,NULL,COROWA,78
1569,ODL,NULL,CORDILLO DOWNS,78
1570,CMD,NULL,COOTAMUNDRA,78
1571,CRJ,NULL,COORABIE,78
1572,CNB,NULL,COONAMBLE,78
1573,COJ,NULL,COONABARABRAN,78
1574,OOM,NULL,COOMA,78
1575,COB,NULL,COOLIBAH,78
1576,COY,NULL,COOLAWANYAH,78
1577,CLH,NULL,COOLAH,78
1578,CTN,NULL,COOKTOWN,78
1579,CDA,NULL,COOINDA,78
1580,CBX,NULL,CONDOBOLIN,78
1581,CIE,NULL,COLLIE,78
1582,CRB,NULL,COLLARENEBRI,78
1583,MCY,NULL,MAROOCHYDORE,78
1584,SYU,NULL,WARRABER ISLAND,78
1585,RIC,NULL,INTERNATIONAL (BYRD FIELD),78
1586,PPP,NULL,WHITSUNDAY COAST,78
1587,ORS,NULL,WATERPORT,78
1588,OKB,NULL,FRASER ISLAND,78
1589,OAG,NULL,SPRINGHILL,78
1590,NTL,NULL,WILLIAMTOWN,78
1591,BEO,NULL,BELMONT,78
1592,MJK,NULL,SHARK BAY,78
1593,KTR,NULL,TINDAL,78
1594,HWK,NULL,WILPENA POUND,78
1595,GTE,NULL,ALYANGULA,78
1596,GOV,NULL,NHULUNBUY,78
1597,BWT,NULL,BURNIE WYNYARD,78
1598,BHS,NULL,RAGLAN,78
1599,BNK,NULL,BALINA BYRON GATEWAY,78
1600,AYQ,NULL,CONNELLAN,78
1601,NULL,YBLN,BUSSELLTON AIRPORT,78
1602,BNE,YBBN,BRISBANE INTL,78
1603,ADL,YPAD,ADELAIDE,78
1604,SYD,YSSY,KINGSFORD SMITH INTL,78
1605,SWZ,NULL,SYDNEY WEST,78
1606,MEL,YMML,MELBOURNE INTL,78
1607,MEB,NULL,ESSENDON,78
1608,EVH,NULL,EVANS HEAD,78
1609,EVD,NULL,EVA DOWNS,78
1610,EUC,NULL,EUCLA,78
1611,ETD,NULL,ETADUNNA,78
1612,EPR,NULL,ESPERANCE,78
1613,ERB,NULL,ERNABELLA,78
1614,EDD,NULL,ERLDUNDA,78
1615,XCO,NULL,COLAC,78
1616,CZY,NULL,CLUNY,78
1617,CXT,NULL,CHARTERS TOWERS,78
1618,CSI,NULL,CASINO,78
1619,CBY,NULL,CANOBIE,78
1620,WAV,NULL,KALKGURUNG,78
1621,WGA,NULL,FORREST HILL,78
1622,TGN,NULL,LA TROBE TRARALGON,78
1623,ABY,NULL,DOUGHERTY COUNTRY,78
1624,SCH,NULL,COUNTY,78
1625,WSY,NULL,WHITSUNDAY AIRSTRIP,78
1626,CFS,NULL,COFFS HARBOUR,78
1627,CUQ,NULL,COEN,78
1628,CNC,NULL,COCONUT ISLAND,78
1629,CAZ,NULL,COBAR,78
1630,CNJ,NULL,CLONCURRY,78
1631,CVC,NULL,CLEVE,78
1632,CMQ,NULL,CLERMONT,78
1633,CXQ,YPXM,CHRISTMAS I.,78
1634,CCL,NULL,CHINCHILLA,78
1635,LLG,NULL,CHILLAGOE,78
1636,CRH,NULL,CHERRIBAH,78
1637,CBC,NULL,CHERRABUN,78
1638,CTL,NULL,CHARLEVILLE,78
1639,CES,NULL,CESSNOCK,78
1640,CED,NULL,CEDUNA,78
1641,CTR,NULL,CATTLE CREEK,78
1642,CFP,NULL,CARPENTARIA DOWNS,78
1643,CVQ,NULL,CARNARVON,78
1644,CRY,NULL,CARLTON HILL,78
1645,CQP,NULL,CAPE FLATTERY,78
1646,NULL,TDPR,CANEFIELD,79
1647,DOM,TDPD,MELVILLE HALL,79
1648,DCF,NULL,CANE FIELD,79
1649,MRU,FIMP,SIR SEEWOOSAGUR RAMGOOLAM INTL,80
1650,THR,OIII,MEHRABAD INTL,81
1651,KIH,OIBK,KISH I.,81
1652,KER,OIKK,KERMAN,81
1653,NULL,OIFM,ESFAHAN SHAHID BEHESHTI,81
1654,ZBR,NULL,CHAH-BAHAR,81
1655,BUZ,NULL,BUSHEHR,81
1656,BND,OIKB,BANDAR ABBAS INTL,81
1657,NULL,OIKM,BAM MIL,81
1658,SRY,NULL,DASHTE NAZ,81
1659,RAS,OIGG,RASHT,81
1660,SYZ,OISS,SHIRAZ INTL,81
1661,TBZ,OITT,TABRIZ,81
1662,IKA,OIIE,TEHERAM EMAM KHOMAINI,81
1663,NULL,OIMM,MASHHAD,81
1664,NULL,OIZH,ZAHEDAN,81
1665,NOV,FNHU,HUAMBO,82
1666,PGI,NULL,CHITATO,82
1667,CAV,NULL,CAZOMBO,82
1668,CBT,NULL,CATUMBELA,82
1669,KNP,NULL,CAPANDA,82
1670,ASR,LTAU,KAYSERI ERKILET,82
1671,NULL,HLKF,KUFRA,82
1672,BUG,NULL,GENERAL V. DESLANDES,82
1673,NULL,KFOK,WEST HAMPTON BEACH/GABRESKI,82
1674,DCA,KDCA,WASHINGTON NATIONAL AIRPORT,82
1675,CFF,NULL,CAFUNFO,82
1676,LAD,FNLU,QUATRO DE FEVEREIRO,82
1677,DLT,KDLT,DETROIT,82
1678,CAB,NULL,CABINDA,82
1679,VLI,NVVV,BAUERFIELD,83
1680,CCV,NULL,CRAIG COVE,83
1681,SON,NVSS,SANTO-PEKOA,83
1682,BAH,OBBI,BAHRAIN INTL,84
1683,SXM,TNCM,"PRINCESS JULIANA,ST.MAARTEN I.",85
1684,BON,TNCB,"FLAMINGO,BONAIRE I.",85
1685,WOE,EHWO,BEGEN OP ZOOM,85
1686,SAB,NULL,JUANCHO YRAUSKIN,85
1687,CUR,TNCC,"HATO,CURACAO I.",85
1688,CMJ,NULL,CHI MEI,86
1689,CYI,NULL,CHIAYI,86
1690,KNH,NULL,SHANG-YI,86
1691,TSA,RCSS,SUNGSHAN,86
1692,TPE,RCTP,TAIPEI INTL,86
1693,TEV,TEV,TEV TERUAL,87
1694,XRY,LEJR,JEREZ,87
1695,ACE,GCRR,"LANZAROTE,CANARY IS.",87
1696,IBZ,LEIB,IBIZA,87
1697,LPA,GCLP,"GRAN CANARIA,CANARY IS.",87
1698,FUE,GCFV,"FUERTEVENTURA,CANARY IS.",87
1699,NULL,GCHI,"HIERRO,CANARY IS.",87
1700,GRO,LEGE,COSTA BRAVA,87
1701,ODB,NULL,CORDOBA,87
1702,JCU,NULL,CEUTA HELIPORT,87
1703,BIO,LEBB,BILBAO,87
1704,BCN,LEBL,BARCELONA,87
1705,OVD,LEAS,ASTURIAS,87
1706,GRX,LEGR,GRANADA,87
1707,TFS,GCTS,"TENERIFE SUR-REINA SOFIA,CANARY IS.",87
1708,ZAZ,LEZG,ZARAGOZA,87
1709,VLL,LEVD,VALLADOLID,87
1710,NULL,LEMO,MORON,87
1711,SVQ,LEZL,SEVILLA,87
1712,EAS,LESO,SAN SEBASTIAN,87
1713,MJV,LELC,SAN JAVIER,87
1714,MLN,GEML,MELILLA,87
1715,AGP,LEMG,MALAGA,87
1716,NULL,GCLA,"LA PALMA,CANARY IS.",87
1717,SDR,LEXJ,SANTANDER,87
1718,VGO,LEVX,VIGO,87
1719,BDU,ENDU,BARDUFOSS,87
1720,REU,LERS,REUS,87
1721,BJZ,NULL,TALAVERAL LA REAL,87
1722,LEI,LEAM,ALMERIA,87
1723,ILD,LEDA,LLEIDA-ALGUAIRE AIRPORT,87
1724,CQM,LERL,CIUDAD REAL,87
1725,NULL,LERT,"ROTA NAS, MIL",87
1726,ABC,NULL,LOS LIANOS,87
1727,ABI,NULL,MUNICIPALE,87
1728,MAH,LEMH,MENORCA,87
1729,VLC,LEVC,VALENCIA,87
1730,PNA,LEPP,PAMPLONA,87
1731,LCG,LECO,LA CORUNA,87
1732,ALC,LEAL,ALICANTE,87
1733,VDE,NULL,HIERRO,87
1734,GMZ,NULL,LA GOMERA,87
1735,SLM,LESA,SALAMANCA MATACAN,87
1736,RJL,NULL,AGONCILLO,87
1737,QSA,LELL,SABADELL,87
1738,PMI,LEPA,PALMA DE MALLORCA,87
1739,TOJ,LETO,TORRJON,87
1740,NULL,LEGT,GETAFE,87
1741,MAD,LEMD,BARAJAS,87
1742,NULL,LECU,CUATRO VIENTOS,87
1743,LEU,NULL,DE IA SEU,87
1744,SPC,NULL,LA PALMA,87
1745,SPI,NULL,CAPITOL,87
1746,TCI,GCXO,"TENERIFE, CANARY IS.",87
1747,TFN,NULL,NORTE LOS RODEOS,87
1748,PPG,NSTU,PAGO PAGO INTL,88
1749,NULL,EIME,CASEMENT,88
1750,BUH,NULL,METROPOLITAN AREA,88
1751,AAN,OMAL,AL AIN INTERNATIONAL,89
1752,FJR,OMFJ,FUJAIRAH INTL,89
1753,DXB,OMDB,DUBAI INTL,89
1754,SHJ,OMSJ,SHARJAH INTL,89
1755,AZI,OMAD,ABU DHABI BATEEN,89
1756,AUH,OMAA,ABU DHABI INTL,89
1757,RKT,OMRK,RAS AL-KHAIMAH,89
1758,TBS,UGTB,TBILISI,90
1759,BUS,UGSB,BATUMI,90
1760,KUT,UGKO,KOPITNARI,90
1761,SSS,UGKS,SENAKI,90
1762,SUI,UGSS,SUKHUMI,90
1763,NULL,XGGE,WELI,90
1764,CEH,NULL,CHELINDA,91
1765,DWA,NULL,DWANGWA,91
1766,LLW,FWKI,KAMUZU INTL,91
1767,CMK,NULL,CLUB MAKOKOLA,91
1768,BLZ,FWCL,CHILEKA,91
1769,BRU,EBBR,BRUXELLES NATIONAL,92
1770,CRL,EBCI,BRUSSELS SOUTH,92
1771,BCV,EBCV,CHIEVRES,92
1772,NULL,EBZW,ZWARTBERG,92
1773,LGG,EBLG,LIEGE,92
1774,NULL,EBTY,MAUBRAY,92
1775,OST,EBOS,OSTEND-BRUGES INTERNATIONAL AIRPORT,92
1776,NULL,EBMB,MELSBROEK,92
1777,BMM,NULL,MELSBROK,92
1778,KJK,EBKT,WEVELGEM,92
1779,ANR,EBAW,ANTWERP INTL,92
1780,ICK,SMNI,MAJ. FERNANDES,93
1781,ORG,SMZO,ZORG EN HOOP,93
1782,PBM,SMJP,JOHAN ADOLF PENGEL,93
1783,FNJ,ZKPY,SUNAN (CAPITAL),94
1784,BJM,HBBA,BUJUMBURA,95
1785,PQC,NULL,DUONG DANG,96
1786,HUI,NULL,PHU BAI,96
1787,HPH,NULL,CATBI,96
1788,DIN,NULL,GIALAM,96
1789,DLI,NULL,LIENKHANG,96
1790,SQH,NULL,NA-SAN,96
1791,BMV,NULL,PHUNG-DUC,96
1792,HAN,VVNB,NOIBAI INTL,96
1793,SGN,VVTS,TANSONNHAT,96
1794,DAD,VVDN,DANANG,96
1795,CAH,NULL,CA MAU,96
1796,VCA,NULL,CAN THO,96
1797,CSJ,NULL,CAPE ST JACQUES,96
1798,USM,NULL,KOH SAMUI,97
1799,SGZ,VTSS,HAT YAI INTL,97
1800,TDX,NULL,TRAT AIRPORT,97
1801,BKK,VTBS,SAVARNABHUMI AIRPORT,97
1802,DMK,VTBD,DON MUANG INTERNATIONAL AIRPORT,97
1803,CNX,VTCC,CHIANG MAI INTL,97
1804,CEI,NULL,CHIANG RAI,97
1805,CJM,NULL,CHUMPHON AIRPORT,97
1806,PHY,NULL,PHETCHABUN,97
1807,HKT,VTSP,PHUKET,97
1808,UBP,NULL,MUANG UBON,97
1809,UTP,VTBU,UTAPAO,97
1810,KBV,VTSG,KRABI,97
1811,LRL,DXNG,NIAMTOUGOU,98
1812,LFW,DXXX,TOKOIN,98
1813,OUA,DFFD,OUAGADOUGOU,99
1814,BOY,DFOO,BOBO-DIOULASSO,99
1815,TSF,LIPH,VENICE-TREVISO-SANT'ANGELO,100
1816,TPS,LICT,BIRGI,100
1817,TRN,LIMF,CASELLE,100
1818,NULL,LICZ,SIGONELLA,100
1819,NULL,LIRU,URBE,100
1820,CIA,LIRA,CIAMPINO,100
1821,FCO,LIRF,FIUMICINO,100
1822,RMI,LIPR,RIMINI,100
1823,REG,LICR,REGGIO CALABRIA,100
1824,NULL,LIRE,PRATIKA DI MARE/MIL,100
1825,PSA,LIRP,SAN GIUSTO,100
1826,PSR,LIBP,PESCARA,100
1827,PEG,LIRZ,S. EGIDIO,100
1828,PNL,LICG,PANTELLERIA,100
1829,PMO,LICJ,PUNTA RAISI,100
1830,OLB,LIEO,COSTA SMERALDA,100
1831,NAP,LIRN,CAPODICHINO,100
1832,ZMF,NULL,BEVERELLO,100
1833,NULL,LIPO,MONTICHARI,100
1834,VIC,LIPT,VICENZA,100
1835,NULL,LIPN,VERONA/BOSCOMANTIKO,100
1836,SUF,LICA,TERME,100
1837,GRS,LIRS,GROSSETO AIRPORT,100
1838,FRL,LIPK,FORLI,100
1839,FLR,LIRQ,PERETOLA,100
1840,FLA,NULL,CAPITOLIO,100
1841,EBA,LIRJ,MARINA DI CAMPO,100
1842,CUF,LIMZ,LEVALDIGI,100
1843,CRV,LIBC,CROTONE,100
1844,CDF,NULL,FIAMES,100
1845,ZAK,NULL,BUS STATION,100
1846,CTA,LICC,FONTANAROSSA,100
1847,NSY,NULL,SIGONELLA,100
1848,PRJ,NULL,CAPRI,100
1849,NULL,LIEH,CAPO CACCIA,100
1850,CAG,LIEE,ELMAS,100
1851,VBS,NULL,MONTICHIARI,100
1852,BZO,LIPB,BOLZANO,100
1853,BLQ,LIPE,BORGO PANIGALE,100
1854,BGY,LIME,ORIO AL SERIO,100
1855,BRI,LIBD,PALESE MACCHIE,100
1856,NULL,LIMW,AOSTA,100
1857,AOT,NULL,CORRADO GEX,100
1858,AOI,LIPY,FALCONARA,100
1859,AHO,LIEA,FERTILIA,100
1860,NULL,LIPA,AVIANO,100
1861,TAR,NULL,M.A. GROTTAG,100
1862,FOG,LIBF,GINO LISA,100
1863,VRN,LIPX,VILLAFRANCA,100
1864,PMF,LIMP,PARMA,100
1865,LIN,LIML,LINATE,100
1866,MXP,LIMC,MALPENSA,100
1867,NXP,NULL,MALPENSA,100
1868,NULL,LIMS,SAN DAMIANO/MIL,100
1869,NULL,LIRK,MONTE TERMINILLO,100
1870,ALL,LIMG,ALBENGA,100
1871,QSR,LIRI,SALERNO,100
1872,TTB,NULL,ARBATAX,100
1873,SAY,LIQS,SIENA AMPUGNANO,100
1874,GOA,LIMJ,SESTRI,100
1875,QPA,LIPU,PADOVA,100
1876,CIY,NULL,COMISO,100
1877,BDS,LIBR,CASALE,100
1878,NULL,LIPV,S.NICOLO,100
1879,VCE,LIPZ,TESSERA (MARCO POLO),100
1880,TRS,LIVT,TRIESTE,100
1881,PDP,SUPE,AEROPUERTO INTL,101
1882,NULL,SUAA,ANGEL S.ADAMI,101
1883,RVY,SURV,DEPARTAMENTAL DE RIVERA,101
1884,NULL,SULS,BASE AERONAVAL CURBELO,101
1885,MVD,SUMU,CARRASCO INTL,101
1886,STY,SUSO,DEPARTAMENTAL DE SALTO,101
1887,MCT,OOMS,SEEB INTL,102
1888,SLL,OOSA,SALALAH INTL,102
1889,PLS,MBPV,PROVIDENCIALES INTL,103
1890,GDT,MBJT,GRAND TURK INTL,103
1891,XSC,MBSC,SOUTH CAICOS INTL,103
1892,BKY,NULL,KAMENDE,104
1893,BZU,NULL,BUTA,104
1894,IRP,NULL,MATARI,104
1895,BZV,FCBB,MAYA MAYA,104
1896,PNR,FCPP,AGOSTINO NETO,104
1897,LEV,NULL,LEVUKA AIRFIELD,105
1898,TVU,NULL,MATEI,105
1899,ICI,NULL,CICIA,105
1900,NAN,NFFN,NADI INTL,105
1901,SUV,NFSU,NAUSORI INTL,105
1902,BVF,NULL,DAMA,105
1903,CST,NULL,CASTAWAY,105
1904,POM,AYPY,JACKSONS,106
1905,LAE,NULL,NADZAB,106
1906,EMO,NULL,EMO,106
1907,AES,ENAL,VIGRA,106
1908,CPI,NULL,CAPE ORFORD,106
1909,CPN,NULL,CAPE RODNEY,106
1910,CVL,NULL,CAPE VOGEL,106
1911,CVB,NULL,CHUNGRIBU,106
1912,EFG,NULL,EFOGI,106
1913,EIA,NULL,POPONDETTA,106
1914,EPT,NULL,ELIPTAMIN,106
1915,EMI,NULL,EMIRAU,106
1916,EGA,NULL,ENGATI,106
1917,ERE,NULL,ERAVE,106
1918,ESA,NULL,ESA'ALA,106
1919,KIE,AYKT,AROPA,106
1920,TAJ,NULL,TADJI,106
1921,VAI,AY22,VANIMO,106
1922,ATP,NULL,AIRSTRIP,106
1923,GUR,NULL,GURNEY,106
1924,WWK,NULL,BORAM,106
1925,RKU,NULL,KAIRUKU,106
1926,CGC,NULL,CAPE GLOUCESTER,106
1927,EMS,NULL,EMBESSA,106
1928,ERU,NULL,ERUME,106
1929,CMU,NULL,CHIMBU,106
1930,MAS,NULL,MOMOTE,106
1931,HGU,NULL,KAGAMUGA,106
1932,PNP,NULL,GIRUA,106
1933,RAB,NULL,TOKUA,106
1934,SQT,NULL,CHINA STRAITS,106
1935,DSA,EGCN,Robin Hood Airport,107
1936,JHY,NULL,HYATT REGENCY H/P,107
1937,CGE,NULL,CAMBRIDGE,107
1938,PDX,KPDX,PORTLAND INTL,107
1939,PWM,KPWM,PORTLAND,107
1940,UOX,NULL,UNIVERSITY-OXFORD,107
1941,BFR,NULL,VIRGIL I. GRISSOM MUNICIPAL,107
1942,LOZ,NULL,CORBIN-LONDON,107
1943,BQH,EGKB,BIGGIN HILL,107
1944,BFS,EGAA,ALDERGROVE,107
1945,BHD,EGAC,BELFAST/CITY,107
1946,ABZ,EGPD,DYCE,107
1947,ABR,NULL,MUNICIPALE,107
1948,BRR,NULL,NORTH BAY,107
1949,MAN,EGCC,MANCHESTER,107
1950,LYX,EGMD,LYDD,107
1951,LGW,EGKK,GATWICK,107
1952,LHR,EGLL,HEATHROW,107
1953,LCY,EGLC,LONDON CITY,107
1954,LTN,EGGW,LUTON AIRPORT,107
1955,STN,EGSS,STANSTED,107
1956,ZDY,NULL,STANSTED RAIL STATION,107
1957,NULL,EGGS,"NATS AIRPORTS HQ, SIPSON COURT",107
1958,QDH,NULL,ASHFORD INTERNATIONAL RAIL STATION,107
1959,LPL,EGGP,LIVERPOOL,107
1960,QLA,EGHL,LASHAM,107
1961,KOI,EGPA,KIRKWALL,107
1962,JER,EGJJ,JERSEY,107
1963,HUY,EGNJ,HUMBERSIDE,107
1964,GCI,EGJB,GUERNSEY,107
1965,GLO,EGBJ,GLOUCESTERHIRE,107
1966,GLA,EGPF,GLASGOW,107
1967,FAB,EGLF,FARNBOROUGH CIVIL,107
1968,EXT,EGTE,EXETER,107
1969,ENK,EGAB,ST.ANGELO AIRPORT,107
1970,EDI,EGPH,EDINBURGH,107
1971,EOI,NULL,EDAY,107
1972,CRN,NULL,CROMARTY,107
1973,CVT,EGBE,BAGINTON,107
1974,XPL,NULL,PALMEROLA AIR BASE,107
1975,UNT,NULL,BALTASOUND,107
1976,SWS,NULL,FAIRWOOD COMMON,107
1977,OBN,NULL,CONNEL,107
1978,NQY,NULL,SAINT MAWGAN,107
1979,LDY,NULL,EGLINTON,107
1980,LBA,EGNM,LEEDS BRADFORD,107
1981,ILY,NULL,GLENEGEDALE,107
1982,DND,EGPN,DUNDEE AIRPORT,107
1983,ACI,NULL,THE BLAYE,107
1984,BWF,NULL,WALNEY ISLAND,107
1985,NULL,EGBP,COTSWOLD,107
1986,ETR,EGTR,ELSTREE,107
1987,NULL,EGGF,UXBRIDGE,107
1988,INV,EGPE,INVERNESS,107
1989,EMA,EGNX,EAST MIDLANDS INTL,107
1990,ZXE,NULL,SCOTRAIL,107
1991,SKL,NULL,BROADFORD,107
1992,NULL,EGSB,BEDFORD CASTLE MILL AIRPORT,107
1993,OXF,EGTK,OXFORD AIRPORT,107
1994,LYE,EGDL,LYNEHAM,107
1995,SOU,EGHI,EASTLEIGH,107
1996,IOM,EGNS,ISLE OF MAN,107
1997,CEG,EGNR,CHESTER,107
1998,WTN,NULL,WEDDINGTON,107
1999,NULL,EGNO,WARTON,107
2000,MME,EGNV,TEESSIDE,107
2001,LSI,EGPB,SUMBURGH,107
2002,NULL,EGSP,PETERBOROUGH SIBSON,107
2003,NULL,EGDG,ST.MAWGAN,107
2004,SEN,EGMC,SOUTHEND,107
2005,ESH,EGKA,SHOREHAM,107
2006,SQZ,NULL,SCAMPTON,107
2007,NULL,EGWW,RAF MOBILES,107
2008,PIK,EGPK,PRESTWICK,107
2009,NULL,EGDP,PORTLAND,107
2010,NWI,EGSH,NORWICH,107
2011,NHT,EGVC,NORTHOLT,107
2012,NULL,EGXA,RN NAIC,107
2013,MHZ,EGUN,MILDENHALL,107
2014,MSE,EGMH,MANSTON,107
2015,CSA,NULL,COLONSAY IS,107
2016,COL,NULL,COLL ISLAND,107
2017,QUG,NULL,OFF-LINE POINT,107
2018,CAX,EGNC,CARLISLE,107
2019,CWL,EGFF,CARDIFF-WALES ARPT,107
2020,CAL,NULL,MACHRIHANISH,107
2021,BBS,EGLK,BLACKBUSHE,107
2022,CBG,EGSC,CAMBRIDGE,107
2023,BEQ,NULL,HONINGTON,107
2024,BZZ,EGVN,BRIZE NORTON,107
2025,BRS,EGGD,LULSGATE,107
2026,BOH,EGHH,HURN,107
2027,BLK,EGNH,BLACKPOOL,107
2028,BHX,EGBB,BIRMINGHAM,107
2029,PPD,NULL,PALMAS DEL MAR,108
2030,DDP,NULL,DORADO BEACH,108
2031,SJU,TJSJ,LUIS MUNOZ MARIN INTL,108
2032,SIG,NULL,ISLA GRANDE,108
2033,PSE,TJPS,PONCE-MERCEDITA,108
2034,MAZ,TJMZ,EUGENIO MARIA DE HOSTOS,108
2035,BQN,TJBQ,RAFAEL HERNANDEZ INTL,108
2036,INI,LYNI,NIS,109
2037,TIV,LYTV,TIVAT,109
2038,TGD,LYPG,PODGORICA,109
2039,BEG,LYBE,SURCIN,109
2040,NULL,BKPR,PRISTINA,109
2041,PRN,LYPR,PRISTINA,109
2042,SBH,TFFJ,"SAINT BARTHELEMY, GUADELOUPE",110
2043,PTP,TFFR,"LE RAIZET,GUADELOUPE",110
2044,GBJ,NULL,LES BASES,110
2045,CCE,TFFG,"GRAND CASE, GUADELOUPE",110
2046,BBR,NULL,BAILLIF,110
2047,BER,BER,Берлин-Брандебург,111
2048,NULL,ETNW,WUNSTORF,111
2049,ZQV,EDFV,WORMS,111
2050,WIE,ETOU,WIESBADEN/MIL,111
2051,GWT,EDXW,WESTERLAND/SYLT,111
2052,ZQF,EDRT,FOHREN,111
2053,STR,EDDS,STUTTGART,111
2054,ZWS,EDDS,MAIN STATION DOWNTOWN (STUTTGART),111
2055,NULL,EDMS,WALLMUHLE,111
2056,RBM,NULL,WALLMUHLE,111
2057,ERF,EDDE,ERFURT,111
2058,EME,EDWE,EMDEN,111
2059,ZPE,EDDG,OSNABRUCK,111
2060,LBC,EDHL,BLANKENSEE,111
2061,XLW,EDWD,LEMWERDER,111
2062,LEJ,EDDP,HALLE,111
2063,NULL,ETSL,LECHFELS,111
2064,QLG,EDML,LANDSHUT,111
2065,NULL,ETSA,LANDSBERG,111
2066,LHA,EDTL,LAHR,111
2067,QKZ,EDTZ,KONSTANZ,111
2068,KEL,EDHK,HOLTENAU,111
2069,KSF,EDVK,CALDEN,111
2070,HOQ,EDQM,HOF-PIRK,111
2071,HDB,ETIE,HEIDELBERG,111
2072,NULL,EDQT,HASSFURT,111
2073,HAJ,EDDV,HANNOVER,111
2074,XFW,EDHI,FINKENWERDER,111
2075,HAM,EDDH,HAMBURG,111
2076,HHN,EDFH,HAHN,111
2077,NULL,ETEU,GIEBELSTADT AIR BASE,111
2078,NULL,EDAJ,GERA-LEUMNITZ,111
2079,HSF,NULL,GASFURT,111
2080,NULL,ETSF,FURSTENFELDBRUCK/MIL,111
2081,FDH,EDNY,FRIEDRICHSHAFEN-LOWENTAL,111
2082,QFB,EDTF,BREISGAU,111
2083,FRA,EDDF,FRANKFURT MAIN,111
2084,FLF,EDXF,FLENSBURG-SCHAFERHAUS,111
2085,ESS,EDLE,ESSEN MULHEIM,111
2086,NULL,EDAE,EISENHUTTENSTADT,111
2087,EIB,NULL,EISENACH,111
2088,QEF,EDFE,EGELSBACH,111
2089,NULL,ETOC,ECHTERDINGEN,111
2090,DUS,EDDL,DUSSELDORF,111
2091,NRN,EDLV,WEEZE,111
2092,DRS,EDDC,DRESDEN,111
2093,DTM,EDLW,WICKEDE,111
2094,NULL,EDTD,VILLINGEN,111
2095,NULL,ETND,DIEPHOLZ/MIL,111
2096,NULL,EHDL,DEELEN,111
2097,CBU,NULL,COTTBUS,111
2098,BNJ,NULL,BONN-OFF-LINE POINT,111
2099,QKL,NULL,STATION,111
2100,CGN,EDDK,COLOGNE/BONN,111
2101,CSO,NULL,COCHSTEDT,111
2102,NULL,ETSB,BUCHEL,111
2103,BGN,ETUR,BRUGGEN/MIL,111
2104,BFE,EDLI,WINDELSBLEICHE,111
2105,NULL,EDOP,PARCHIM-MECKLENBURG,111
2106,SXF,EDDB,SCHONEFELD,111
2107,TXL,EDDT,TEGEL,111
2108,THF,EDDI,TEMPELHOF,111
2109,AGB,EDMA,AUGSBURG,111
2110,NULL,EDPA,ELCHIGEN,111
2111,BWE,EDVE,WAGGUM,111
2112,BRE,EDDW,BREMEN,111
2113,NULL,EDWW,BREMEN ACC FIC,111
2114,NULL,EDMV,VILSHOFEN,111
2115,SPM,ETAD,SPANDAHLEM AIR BASE,111
2116,MIL,ETNG,GEILENKIRCHEN,111
2117,BRV,EDWB,BREMERHAVEN AM LUNEORT,111
2118,QHU,EDXJ,HUSUM,111
2119,ZCP,EDQC,COBURG-BRANDENSTEINSEBENE,111
2120,MGL,EDLN,MONCHENGLADBACH,111
2121,FMM,EDJA,MEMMINGEN AIRPORT,111
2122,ZPA,EDTO,OFFENBURG,111
2123,ZCC,EDSB,OFF-LINE PT,111
2124,PAD,EDLP,PADERBORN/LIPPSTADT,111
2125,MHG,EDFM,NEUOSTHEIM,111
2126,FKB,NULL,SOELLINGEN,111
2127,BYU,EDQD,BAYREUTH,111
2128,NULL,EDLA,ARNSBERG,111
2129,AOC,NULL,NOBITZ,111
2130,NULL,EDTM,FLUGPLATZ MENGEN-HOHENTENGEN - MENGEN,111
2131,NULL,EDQG,GIEBELSTADT AIRPORT,111
2132,NULL,EDRY,SPRAYER MIL,111
2133,AGE,NULL,FLUGPLATZ,111
2134,MUC,EDDM,MUNCHEN F.J. STRAUSS,111
2135,NULL,EDLS,STADTLOHN/WENNINGFELD,111
2136,NULL,EDBS,DERMSDORF,111
2137,SGE,EDGS,SIEGERLAND,111
2138,NULL,EDTY,HESSENTAL,111
2139,SCN,EDDR,SAARBRUCKEN,111
2140,RLG,ETNL,LAAGE,111
2141,RHM,EDAF,RHEIN-MAIN,111
2142,RMS,ETAR,RAMSTEIN AIR BASE,111
2143,NULL,EDVY,PORTA WESTFALICA,111
2144,OBF,EDMO,OBERPFAFFENHOFEN,111
2145,NUE,EDDN,NURNBERG,111
2146,NULL,ETNN,NORVENICH MIL,111
2147,FCN,ETMN,CUXHAVEN,111
2148,NDZ,NULL,CUXHAVEN,111
2149,NULL,ETHN,NIEDERSTETTEN/MIL,111
2150,NULL,ETNU,NEUBRANDENBURG,111
2151,FMO,EDDG,MUNSTER,111
2152,ASM,HHAS,ASMARA INTL,112
2153,EUE,NULL,EUREKA,113
2154,CYM,NULL,CHATHAM SPB,113
2155,EKA,NULL,MURRAY FIELD,113
2156,LGR,NULL,COCHRANE,113
2157,YCJ,NULL,CAPE ST JAMES,113
2158,YTE,NULL,CAPE DORSET,113
2159,YBL,NULL,CAMPBELL RIVER,113
2160,YHH,NULL,HARBOR SPB,113
2161,YDB,NULL,BURWASH LANDINGS,113
2162,YXX,CYXX,ABBOTSFORD,113
2163,YQG,CYQG,WINDSOR,113
2164,YYZ,CYYZ,TORONTO PEARSON INTERNATIONAL AIRPORT,113
2165,YTZ,NULL,TORONTO ISLAND,113
2166,YOW,CYOW,MACDONALD-CARTIER INTL,113
2167,YUL,CYUL,MONTREAL INTL (DORVAL),113
2168,YMX,CYMX,MONTREAL INTL (MIRABEL),113
2169,YFB,CYFB,IQALUIT,113
2170,YYR,CYYR,GOOSE BAY,113
2171,YQX,CYQX,GANDER INTL,113
2172,YEU,NULL,EUREKA,113
2173,YEP,CYEP,ESTEVAN POINT,113
2174,YOA,NULL,EKATI,113
2175,YET,NULL,EDSON,113
2176,YEG,CYEG,EDMONTON INTL,113
2177,YED,NULL,NAMAO FLD,113
2178,ZEM,NULL,EAST MAIN,113
2179,YXR,NULL,EARLTON,113
2180,CFQ,NULL,CRESTON,113
2181,YXC,NULL,CRANBROOK,113
2182,YYM,NULL,COWLEY,113
2183,YCA,NULL,COURTENAY,113
2184,YCF,NULL,CORTES BAY,113
2185,YCT,NULL,CORONATION,113
2186,YNF,NULL,DEER LAKE/STEPHENVILLE,113
2187,YZS,NULL,CORAL HARBOUR,113
2188,YQQ,CYQQ,"COMOX,BC",113
2189,YCK,NULL,COLVILLE LAKE,113
2190,YKC,NULL,COLLINS BAY,113
2191,YCN,NULL,COCHRANE,113
2192,YCP,NULL,CO-OP POINT,113
2193,YCY,NULL,CLYDE RIVER,113
2194,XCL,NULL,CLUFF LAKE,113
2195,YLM,NULL,CLINTON CREEK,113
2196,YWQ,NULL,CHUTE-DES-PASSES,113
2197,ZUM,NULL,CHURCHILL FALLS,113
2198,XAD,NULL,CHURCHILL RAIL STATION,113
2199,YKU,NULL,CHISASIBI,113
2200,YCW,NULL,CHILLIWACK,113
2201,YHR,NULL,CHEVERY,113
2202,YCQ,NULL,CHETWYND,113
2203,YCS,NULL,CHESTERFIELD INLET,113
2204,XCM,NULL,CHATHAM,113
2205,YCH,NULL,MIRAMICHI,113
2206,YYG,NULL,CHARLOTTETOWN,113
2207,YCL,NULL,CHARLO,113
2208,YLD,NULL,CHAPLEAU,113
2209,YCE,NULL,CENTRALIA,113
2210,YAC,NULL,CAT LAKE,113
2211,YCG,NULL,CASTLEGAR,113
2212,YRF,NULL,CARTWRIGHT,113
2213,YCV,NULL,CARTIERVILLE,113
2214,YCI,NULL,CARIBOU ISLAND,113
2215,ZSW,NULL,SEAL COVE,113
2216,YML,NULL,CHARLEVOIX,113
2217,YEV,NULL,MIKE ZUBKO,113
2218,YOJ,NULL,FOOTNER LAKE,113
2219,YDO,NULL,ST METHODE,113
2220,YHG,NULL,NULL,113
2221,YOD,NULL,NULL,113
2222,YXE,NULL,SASKATOON,113
2223,YQS,NULL,PEMBROKE AREA MUNICIPAL,113
2224,YSL,NULL,EDMUNSTON,113
2225,YPR,NULL,DIGBY ISLAND,113
2226,YCB,NULL,DAVIS INLET,113
2227,YYT,CYYT,ST.JOHN'S,113
2228,YBB,NULL,KUGAARUK,113
2229,CJH,NULL,CHILCO LAKE,113
2230,YWG,CYWG,WINNIPEG INTL,113
2231,YVR,CYVR,VANCOUVER INTL,113
2232,YHZ,CYHZ,HALIFAX INTL,113
2233,YAW,NULL,SHEARWATER,113
2234,YWF,NULL,DOWNTOWN WATERFRONT HELIPORT,113
2235,YCR,NULL,CROSS LAKE,113
2236,YMT,NULL,CHIBOUGAMAU,113
2237,YYC,CYYC,INTERNATIONAL,113
2238,YCD,NULL,NANAIMO,113
2239,ZNA,NULL,HARBOUR,113
2240,ALP,OSAP,NEIRAB,114
2241,LTK,OSLK,BASEL AL-ASSAD,114
2242,DAM,OSDI,DAMASCUS INTL,114
2243,DEZ,NULL,AL JAFRAH,114
2244,CCK,NULL,COCOS ISLANDS,115
2245,CYB,MWCB,GERRARD-SMITH,116
2246,GCM,MWCR,"OWEN ROBERTS INTL,GRAND CAYMAN I.",116
2247,BGI,TBPB,GRANTLEY ADAMS INTL,117
2248,KMP,FAKT,KEETMANSHOOP,118
2249,LHU,NULL,LIANSHULU,118
2250,WVB,NULL,ROOIKOP,118
2251,LUD,FALZ,LUDERITZ,118
2252,ERS,NULL,EROS,118
2253,WDH,FAWH,WINDHOEK,118
2254,CYR,SUCA,COLONIA,119
2255,CNK,NULL,BLOSSER MUNICIPAL,119
2256,CCI,NULL,CONCORDIA,119
2257,ROS,SAAR,ROSARIO,119
2258,BRC,SAZS,SAN CARLOS DE BARILOCHE,119
2259,SLA,SASA,SALTA,119
2260,RGA,SAWE,RIO GRANDE,119
2261,RGL,SAWG,RIO GALLEGOS,119
2262,RES,SARE,RESISTENCIA,119
2263,PSS,SARP,POSADAS,119
2264,MDQ,SAZM,MAR DEL PLATA,119
2265,JUJ,SASJ,GDOR. H. GUZMAN,119
2266,IGR,SARI,CATARATAS DEL IGUAZU,119
2267,FMA,SARF,FORMOSA,119
2268,EHL,NULL,EL BOLSON,119
2269,CZS,NULL,BRIGADIER HECTOR RUIZ,119
2270,COR,SACO,PAJAS BLANCAS,119
2271,COC,NULL,CONCORDIA,119
2272,CRD,NULL,COMODORO RIVADAVIA,119
2273,OLN,NULL,COLONIA SARMIENTO,119
2274,CCT,NULL,COLONIA CATRIEL,119
2275,CLX,NULL,CLORINDA,119
2276,HOS,NULL,OSCAR REGUERA,119
2277,CNT,NULL,CHARATA,119
2278,CVH,NULL,CAVIAHUE,119
2279,CTC,NULL,CATAMARCA,119
2280,CPG,NULL,CARMEN DE PATAGONES,119
2281,CVI,NULL,CALETA OLIVIA,119
2282,AEP,SABE,AEROPARQUE JORGE NEWBERY,119
2283,EZE,SAEZ,"ARPT INTL EZEIZA, MIN. PISTARINI",119
2284,NULL,SADD,DON TORCUATO,119
2285,USH,NULL,ISLAS MALVINAS,119
2286,TUC,NULL,BENJAMIN MATIENZO,119
2287,STS,NULL,SONOMA COUNTY,119
2288,CPC,NULL,CHAPELCO,119
2289,PMY,NULL,EL TEHUELCHE,119
2290,MDZ,SAME,EL PLUMERILLO,119
2291,CRR,NULL,CERES,119
2292,BHI,NULL,COMANDANTE,119
2293,CNQ,SARC,CAMBA PUNTA,119
2294,LUX,ELLX,LUXEMBOURG,120
2295,LJU,LJLJ,BRNIK,121
2296,NULL,LJSG,SLOVENJ GRADEC AIRPORT,121
2297,MBX,LJMB,MARIBOR,121
2298,POW,LJPZ,PORTOROZ,121
2299,GBB,UBBQ,Аэропорт Габала,122
2300,GYD,UBBB,BINA,122
2301,KVD,UBBG,GYANDZHA,122
2302,NAJ,UBBN,NAKHCHIVAN,122
2303,CIR,NULL,CAIRO,123
2304,ESF,NULL,ESLER FIELD,123
2305,DBB,HEAL,ALALAMAIN INT,123
2306,DAK,HEDK,DAKHLA OASIS,123
2307,UVL,NULL,KHARGA,123
2308,RMF,HEMA,MARSA ALAM,123
2309,ABS,HEBL,ABU-SIMBEL,123
2310,HBE,NULL,BORG EL ARAB,123
2311,TCP,HETB,TABA,123
2312,SSH,HESH,SHARM EL SHEIKH,123
2313,NULL,HESC,SAINT CATHERINE INTL,123
2314,SKV,NULL,MOUNT SINAI,123
2315,MUH,HEMM,MERSA MATRUH,123
2316,LXR,HELX,LUXOR,123
2317,HRG,HEGN,HURGADA,123
2318,CAI,HECA,INTERNATIONALL,123
2319,ASW,HESN,ASWAN,123
2320,ALY,HEAX,ALEXANDRIA,123
2321,RHO,LGRP,DIAGORAS,124
2322,MJT,LGMT,MITILINI,124
2323,NULL,LGMK,MICONOS,124
2324,JMK,LGMK,MIKONOS,124
2325,NULL,LGLM,LIMNOS,124
2326,KGS,LGKO,KOS,124
2327,KIT,LGKC,KITHIRA ISLAND NATIONAL AIRPORT,124
2328,EFL,LGKF,KEFALLINIA,124
2329,KVA,LGKV,MEGAS ALEXANDROS,124
2330,KLX,LGKL,KALAMATA,124
2331,HER,LGIR,NIKO KAZANTZAKIS,124
2332,JKH,NULL,CHIOS,124
2333,CHQ,LGSA,SOUDA,124
2334,NULL,LGAT,ATHINAI,124
2335,ATH,LGAV,ATHINAI,124
2336,NULL,LGEL,ELEFSIS,124
2337,NULL,LGAD,ANDRAVIDA,124
2338,AXD,LGAL,DIMOKRITOS,124
2339,ZTH,LGZA,ZAKINTHOS,124
2340,SKG,LGTS,MAKEDONIA,124
2341,NULL,LGTG,TANAGRA,124
2342,SFG,NULL,ESPERANCE,124
2343,NULL,LGRD,MARITSA,124
2344,SMI,LGSM,SAMOS,124
2345,KSO,NULL,ARISTOTELIS,124
2346,VOL,NULL,NEA ANCHIALOS,124
2347,JSI,LGSK,SKIATHOS,124
2348,PYR,NULL,ANDRAVIDA,124
2349,PVK,NULL,AKTION,124
2350,PKH,NULL,ALEXION,124
2351,GPA,LGRX,ARAXOS NATIONAL AIRPORT,124
2352,KZI,NULL,PHILIPPOS,124
2353,CFU,LGKR,"CORFU INTERNATIONAL AIRPORT, ""IOANNIS KAPODISTRIAS""",124
2354,JTR,LGSR,SANTORINI,124
2355,IOA,LGIO,IOANNINA NATIONAL AIRPORT,124
2356,KBL2,OAKB2,KABUL-KHWAJA RAWASH2,124
2357,WTD,MYGW,"WEST END,GRAND BAHAMA I.",125
2358,TCB,MYAT,"TREASURE CAY,ABACO I.",125
2359,NAS,MYNN,"NASSAU INTL,NEW PROVIDENCE I.",125
2360,PID,NULL,PARADISE ISLAND,125
2361,MHH,MYAM,"MARSH HARBOUR,ABACO I.",125
2362,FPO,MYGF,"FREEPORT INTL,GRAND BAHAMA I.",125
2363,COX,NULL,CONGO TOWN,125
2364,CCZ,NULL,CHUB CAY,125
2365,CXY,NULL,CAT CAYS,125
2366,CEL,NULL,NULL,125
2367,CAT,NULL,NULL,125
2368,MYB,MYBS,"SOUTH BIMINI,BIMINI I.",125
2369,NSB,NULL,NORTH SPB,125
2370,GGT,NULL,EXUMA INTERNATIONAL,125
2371,RSD,NULL,SOUTH ELEUTHERA,125
2372,GHB,MYEM,"GOVERNOR'S HARBOUR, ELEUTHERA I.",125
2373,ELH,MYEH,"NORTH ELEUTHERA,ELEUTHERA I.",125
2374,SML,NULL,ESTATE,125
2375,NDJ,FTTJ,N'DJAMENA,126
2376,ATQ,VIAR,AMRITSAR,127
2377,AMD,VAAH,AHMADABAD,127
2378,GAU,NULL,BORJHAR,127
2379,JAI,NULL,SANGANEER,127
2380,IXJ,NULL,SATWARI,127
2381,JGA,NULL,GOVARDHANPUR,127
2382,IXW,NULL,SONARI,127
2383,JRH,NULL,ROWRIAH,127
2384,DEL,VIDP,INDIRA GANDHI INTL,127
2385,DHM,NULL,GAGGAL,127
2386,BHJ,NULL,RUDRA MATA,127
2387,IXG,NULL,SAMBRE,127
2388,IXU,NULL,CHIKKALTHANA,127
2389,IXD,NULL,BAMRAULI,127
2390,IXA,NULL,SINGERBHIL,127
2391,VNS,VIBN,VARANASI,127
2392,TRZ,VOTR,TIRUCHCHIRAPPALLI,127
2393,NAG,VANP,NAGPUR,127
2394,HYD,VOHY,HYDERABAD,127
2395,GOI,VAGO,GOA,127
2396,CJB,NULL,PEELAMEDU,127
2397,COK,NULL,COCHIN,127
2398,MAA,NULL,CHENNAI,127
2399,IXC,NULL,CHANDIGARH,127
2400,CBD,NULL,CAR NICOBAR,127
2401,CCU,VECC,NETAJI SUBHAS CHANDRA BOSE INTL,127
2402,BOM,VABB,JAWAHARLAL NEHRU INTL,127
2403,NULL,VIAG,AGRA,127
2404,AGR,NULL,KHERIA,127
2405,IXE,NULL,BAJPE,127
2406,IXL,VILH,LEH,127
2407,DIB,NULL,CHABUA,127
2408,BLR,VOBG,BANGALORE,127
2409,TRV,VOTV,TRIVANDRUM INTL,127
2410,PAT,VEPT,PATNA,127
2411,UDR,NULL,DABOK,127
2412,TEZ,NULL,SALONIBARI,127
2413,IXS,NULL,KUMBHIRGRAM,127
2414,IXR,NULL,RANCHI,127
2415,RPR,NULL,RAIPUR,127
2416,PUT,NULL,PUTTAPRATHE,127
2417,PNQ,NULL,LOHEGAON,127
2418,ISK,NULL,GANDHINAGAR,127
2419,LKO,NULL,AMAUSI,127
2420,KUU,NULL,BHUNTAR,127
2421,ALG,DAAG,HOUARI BOUMEDIENE,127
2422,NULL,MGSJ,SAN JOSE,128
2423,SJI,NULL,MCGUIRE FIELD,128
2424,RIK,NULL,CARRILLO,128
2425,CSC,NULL,CANAS,128
2426,SJO,MROC,JUAN SANTAMARIA INTL,128
2427,OTR,MRCC,COTO 47,128
2428,LIR,MRLB,TOMAS GUARDIA INTL,128
2429,LIO,MRLM,LIMON INTL,128
2430,NULL,MRPV,TOBIAS BOLANOS INTL,128
2431,PMZ,NULL,PALMAR SUR,128
2432,BJL,GBYD,YUNDUM INTL,129
2433,NULL,EEPU,PARNU,130
2434,TLL,EETN,YULEMISTE,130
2435,KDL,EEKA,KARDLA,130
2436,TAY,EETU,TARTU,130
2437,URE,EEKE,KURESSAARE,130
2438,VXE,NULL,SAN PEDRO,131
2439,SID,GVAC,AMILCAR CABRAL,131
2440,MMO,NULL,VILA DO MAIO,131
2441,BVR,NULL,ESPERADINHA,131
2442,RAI,GVPR,PRAIA,131
2443,SNE,NULL,PREGUICA,131
2444,EMG,NULL,EMPANGENI,132
2445,LTA,NULL,LETABA,132
2446,FCB,NULL,SENTRA OES,132
2447,PRY,NULL,WONDERBOOM,132
2448,CPT,FACT,CAPE TOWN INTERNATIONAL,132
2449,ALJ,FAAB,BAAI,132
2450,BFN,FABL,J.B.M. HERTZOG,132
2451,CDO,NULL,CRADOCK,132
2452,VIR,NULL,VIRGINIA,132
2453,DUR,FADN,DURBAN INTERNATIONAL,132
2454,ELS,NULL,EAST LONDON,132
2455,ELL,NULL,ELLISRAS,132
2456,QRA,FAGM,RAND,132
2457,UTN,FAUP,PIERRE VAN RYNEVELD,132
2458,HLA,FALA,LANSERIA,132
2459,JNB,FAJS,JOHANNESBURG INTERNATIONAL AIRPORT,132
2460,TCQ,SPTN,COR.FAP CARLOS CIRIANI SANTA ROSA,133
2461,PIO,SPSO,PISCO,133
2462,TYL,SPYL,CAPITAN MONTES,133
2463,IQT,SPQT,COR.FAP FRANCISCO SECADA VIGNETTA,133
2464,CUZ,SPZO,VELAZCO ASTETE,133
2465,LIM,SPIM,JORGE CHAVEZ INTL,133
2466,AQP,SPQU,RODRIGUEZ BALLON INTL,133
2467,CIX,NULL,CORNEL RUIZ,133
2468,PCL,NULL,CAPITAN ROLDEN,133
2469,CJA,NULL,CAJAMARCA,133
2470,CHH,NULL,CHACHAPOYAS,133
2471,CHM,NULL,CHIMBOTE,133
2472,VIT,LEVT,VITORIA INTL,134
2473,SAL,MSLP,EL SALVADOR INTL,134
2474,NULL,MSSS,ILOPANGO INTL,134
2475,BVC,NULL,RABIL,134
2476,YYJ,CYYJ,VICTORIA INTL,134
2477,CDJ,NULL,CONCEICAO DO ARAGUAI,134
2478,CSW,NULL,COLORADO DO OESTE,134
2479,CIZ,NULL,COARI,134
2480,XAP,NULL,CHAPECO,134
2481,CXJ,NULL,CAMPO DOS BUGRES,134
2482,TLZ,NULL,CATALAO,134
2483,CSS,NULL,CASSILANDIA,134
2484,CAC,NULL,CASCAVEL,134
2485,CTP,NULL,CARUTAPERA,134
2486,CAU,NULL,CARUARU,134
2487,CLN,NULL,CAROLINA,134
2488,CRQ,NULL,CARAVELAS,134
2489,CAF,NULL,CARAUARI,134
2490,CKS,NULL,CARAJAS,134
2491,CNV,NULL,CANAVIEIRAS,134
2492,CQA,NULL,CANARANA AIRPORT,134
2493,NBV,NULL,CANA BRAVA,134
2494,CAW,NULL,BARTOLOMEU LISANDRO,134
2495,CBW,NULL,CAMPO MOURAO,134
2496,CPV,NULL,JOAO SUASSUNA,134
2497,CMC,NULL,CAMOCIN,134
2498,CMT,NULL,CAMETA,134
2499,CLV,NULL,CALDAS NOVAS,134
2500,OAL,NULL,CACOAL,134
2501,CDI,NULL,CACHOEIRO ITAPEMIRIN,134
2502,CCQ,NULL,CACHOEIRA,134
2503,CCX,NULL,CACERES,134
2504,CFC,NULL,CACADOR,134
2505,BZS,NULL,BUZIOS,134
2506,CNF,SBCF,TANCREDO NEVES,134
2507,PLU,NULL,PAMPULHA,134
2508,BEL,SBBE,VAL DE CAES,134
2509,VAG,NULL,MAJ.BRIG.TROMPOWSKY,134
2510,URG,NULL,RUBEN BERTA,134
2511,URB,NULL,ERNESTO POCHLER,134
2512,UDI,NULL,EDUARDO GOMES,134
2513,SJL,NULL,DA CACHOEIRA,134
2514,GEL,NULL,SEPE TIARAJU,134
2515,STZ,NULL,CONFRESA,134
2516,CMP,NULL,CAMPO ALEGRE,134
2517,RAO,NULL,LEITE LOPES,134
2518,PPB,NULL,DR ADHEMAR DE BARROS,134
2519,PVH,NULL,BELMONTE,134
2520,PET,NULL,BARTOLOMEU DE GAUMAO,134
2521,MVF,NULL,DIXSEPT ROSADO,134
2522,MII,NULL,DR GASTAO VIDIGAL,134
2523,MCZ,NULL,PALMARES,134
2524,TBT,SBTT,TABATINGA INTL,134
2525,SAO,SBGR,GUARULHOS INTL,134
2526,GRU,SBSP,AEROPORTO INTERNATIONAL GUARULHOS,134
2527,CGH,NULL,CONGONHAS,134
2528,SLZ,SBSL,MARECHAL CUNHA MACHADO,134
2529,STM,SBSN,SANTAREM INTL,134
2530,GIG,SBGL,RIO DE JANEIRO INTL-GALEAO,134
2531,SDU,NULL,SANTOS DUMONT,134
2532,REC,SBRF,GUARARAPES,134
2533,MAO,SBEG,EDUARDO GOMES,134
2534,IGU,SBFI,CATARATAS,134
2535,FOR,SBFZ,PINTO MARTINS,134
2536,ERN,NULL,EIRUNEPE,134
2537,CCM,NULL,CRICIUMA,134
2538,CQS,NULL,COSTA MARQUES,134
2539,CKO,NULL,CORNELIO PROCOPIO,134
2540,CFO,NULL,CONFREZA,134
2541,BVB,SBBV,BOA VISTA INTL,134
2542,BSB,SBBR,BRASILIA INTL,134
2543,UMU,NULL,ERNESTO GEISEL,134
2544,RBR,NULL,PRESIDENTE MEDICI,134
2545,PGZ,NULL,SANT'ANA,134
2546,PHB,NULL,SANTOS DUMONT,134
2547,VCP,SBKP,VIRACOPOS,134
2548,VIX,NULL,EURICO SALES,134
2549,SSA,SBSV,DOIS DE JULHO,134
2550,NAT,SBNT,AUGUSTO SEVERO,134
2551,CZB,NULL,CARLOS RUHL,134
2552,POA,SBPA,SALGADO FILHO,134
2553,ALQ,NULL,FEDERAL,134
2554,MCP,NULL,INTERNACIONAL,134
2555,LVB,NULL,DOS GALPOES,134
2556,LEC,NULL,CHAPADA DIAMANTINA,134
2557,JDF,NULL,FRANCISCO DE ASSIS,134
2558,JDO,NULL,REGIONAL DO CARIRI,134
2559,JOI,NULL,CUBATAO,134
2560,JPA,NULL,CASTR PINTO,134
2561,IPN,NULL,USIMINAS,134
2562,IJU,NULL,J. BATISTA BOS FILHO,134
2563,GPB,NULL,TANCREDO THOMAZ FARIA,134
2564,GYN,NULL,SANTA GENOVEVA,134
2565,FLN,NULL,HERCILIO,134
2566,FLB,NULL,CANGAPARA,134
2567,ERM,NULL,COMANDATE KRAEMER,134
2568,BFH,NULL,BACACHERI,134
2569,CWB,NULL,AFONSO PENA,134
2570,CGB,NULL,MARECHAL RONDON,134
2571,IOS,NULL,EDUARDO GOMES,134
2572,EKB,NULL,EKIBASTUZ,135
2573,NULL,UACK,KOKCHETAW,135
2574,KOV,UADK,KOKCHETAV,135
2575,NULL,UAOO,KZYL-ORDA,135
2576,PWQ,UASP,PAVLODAR,135
2577,URA,UARR,URALSK,135
2578,UKK,UASK,UST-KAMENOGORSK,135
2579,DZN,UAKD,ZHEZKAZGAN AIRPORT,135
2580,SCO,UATE,ACTAU,135
2581,GUW,UATG,ATYRAU,135
2582,PLX,UASS,SEMIPALATINSK,135
2583,KSN,UAUU,KOSTANAY AIRPORT,135
2584,BXH,UAAH,BALKHASH,135
2585,CIT,UAII,CHIMKENT,135
2586,ALA,UAAA,ALMATY,135
2587,TSE,UACC,ASTANA,135
2588,AKX,UATT,AKTYUBINSK,135
2589,KGF,UAKK,TSENTRALNY,135
2590,TUN,DTTA,CARTHAGE,136
2591,TOE,DTTZ,NEFTA,136
2592,SFA,DTTX,THYNA,136
2593,MIR,DTMB,HABIB BOURGUIBA,136
2594,EBM,NULL,EL BORMA,136
2595,DJE,DTTJ,ZARZIS,136
2596,BBT,FEFT,BERBERATI,137
2597,CRF,NULL,CARNOT,137
2598,BGF,FEFF,M'POKO,137
2599,MMD,NULL,MARIDOR,138
2600,FUK,RJFF,FUKUOKA,138
2601,HKD,RJCH,HAKODATE,138
2602,HIJ,NULL,INTERNATIONAL,138
2603,NULL,RJOA,HIROSHIMA,138
2604,KOJ,RJFK,KAGOSHIMA,138
2605,TJH,NULL,TAJIMA,138
2606,NRT,RJAA,NEW TOKYO INTL,138
2607,HND,RJTT,TOKYO INTL,138
2608,MMY,NULL,HIRARA,138
2609,SDJ,RJSS,SENDAI,138
2610,KIX,RJBB,KANSAI INTERNATIONAL,138
2611,OSA,RJOO,OSAKA INTL,138
2612,ITM,NULL,ITAMI,138
2613,YGJ,NULL,MIHO,138
2614,GAJ,NULL,JUNMACHI,138
2615,WKJ,NULL,HOKKAIDO,138
2616,NTQ,NULL,NOTO,138
2617,TOY,RJNT,TOYAMA AIRPORT,138
2618,TRA,NULL,TARAMA,138
2619,HNA,NULL,HANAMAKI,138
2620,KMJ,RJFT,KUMAMOTO,138
2621,KKJ,NULL,KOKURA,138
2622,CTS,RJCJ,CHITOSE,138
2623,NULL,RJCC,NEW CHITOSE,138
2624,OKD,NULL,OKADAMA,138
2625,KIJ,RJSN,NIIGATA,138
2626,OKA,ROAH,NAHA,138
2627,NGO,RJNN,NAGOYA,138
2628,NGS,RJFU,NAGASAKI,138
2629,MBJ,MKJS,SANGSTER INTL,139
2630,OCJ,NULL,BOSCOBEL,139
2631,POT,NULL,KEN JONES,139
2632,KIN,MKJP,NORMAN MANLEY INTL,139
2633,KTP,NULL,TINSON,139
2634,SCQ,LEST,SANTIAGO DE COMPOSTELA,140
2635,CJC,NULL,EL LOA,140
2636,ARI,SCAR,CHACALLUTA,140
2637,PMC,SCTE,EL TEPUAL,140
2638,ESR,NULL,EL SALVADOR,140
2639,GXQ,NULL,TEN. VIDAL,140
2640,COW,NULL,COQUIMBO,140
2641,CPO,NULL,CHAMONATE,140
2642,YAI,NULL,CHILLAN,140
2643,CCH,NULL,CHILE CHICO,140
2644,CNR,NULL,CHANARAL,140
2645,WCH,NULL,CHAITEN,140
2646,SMB,NULL,CERRO SOMBRERO,140
2647,ZAL,NULL,PICHOY,140
2648,LSC,NULL,LA FLORIDA,140
2649,ZOS,NULL,CANAL BAJO,140
2650,BBA,NULL,TENIENTE VIDAL,140
2651,ANF,SCFA,CERRO MORENO,140
2652,SCL,SCEL,ARTURO MERINO BENITEZ,140
2653,ULC,NULL,LOS CERILLOS,140
2654,IPC,SCIP,MATAVERI INTL,140
2655,IQQ,SCDA,GRAL. DIEGO ARACENA INTL,140
2656,WCA,NULL,GAMBOA,140
2657,PUQ,SCCI,PRESIDENTE C.IBANEZ DEL CAMPO,140
2658,ZMH,NULL,108 MILE RANCH,140
2659,COQ,NULL,CHOIBALSAN,141
2660,ULN,ZMUB,BUYANT UKHAA,141
2661,ISU,ORSU,SULAIMANIYAH INTERNATIONAL AIRPORT,142
2662,EBL,ORER,ERBIL INTERNATIONAL AIRPORT,142
2663,SDA,ORBS,SADDAM INTL,142
2664,BGW,ORBI,BAGHDAD INTL,142
2665,BSR,ORMM,BASRAH INTL,142
2666,O,ORTL,TALLIL,142
2667,KED,GQNK,KAEDI,143
2668,ATR,NULL,MOUAKCHOTT,143
2669,NKC,GQNN,NOUAKCHOTT,143
2670,EMN,GQNI,NEMA NEW,143
2671,BGH,NULL,ABBAYE,143
2672,NDB,GQPP,NOUADHIBOU,143
2673,CGT,NULL,CHINGUITTI,143
2674,NULL,UACP,P.PAWLOWSK,144
2675,MMK,ULMM,MURMANSK,144
2676,MJZ,NULL,MIRNYI,144
2677,MRV,URMM,MINVODY,144
2678,NULL,URKM,MAYKOP,144
2679,MCX,URML,MAKHACHKALA,144
2680,GDX,UHMM,SOKOL,144
2681,LPK,UUOL,LIPETSK,144
2682,KRO,USUU,KURGAN,144
2683,NULL,XLLK,KRICHEWICY,144
2684,KJA,UNKL,KRASNOYARSK,144
2685,KVX,USKK,KIROV,144
2686,KRR,URKK,KRASNODAR,144
2687,NULL,USRK,KOGALYM,144
2688,NULL,UUMN,KLIN,144
2689,KHV,UHHH,NOVY,144
2690,KEJ,UNEE,KEMEROVO,144
2691,KZN,UWKD,KAZAN,144
2692,KLF,UUBC,KALUGA,144
2693,KGD,UMKK,KALININGRAD,144
2694,IKT,UIII,IRKUTSK,144
2695,IJK,USII,IJEVSK,144
2696,IAA,NULL,IGARKA,144
2697,HMA,USHH,HANTY-MANSIJSK,144
2698,GRV,URMG,GROZNY,144
2699,ESL,URWI,ELISTA,144
2700,CNN,NULL,CHULMAN,144
2701,CKH,NULL,CHOKURDAH,144
2702,UXG,UUMU,CHKALOWSK,144
2703,CKL,NULL,CHKALOVSKY,144
2704,HTA,UIAA,KADALA,144
2705,CYX,NULL,CHERSKIY,144
2706,CEE,NULL,CHEREPOVETS,144
2707,CEK,USCC,BALANDINO,144
2708,CSY,UWKS,CHEBOKSARY,144
2709,BTK,UIBB,BRATSK,144
2710,BQS,NULL,BLAGOVESHCHENSK,144
2711,EGO,UUOB,BELGOROD,144
2712,BAX,UNBB,BARNAUL,144
2713,ASF,URWA,NARIMANOVO,144
2714,NULL,UUMO,ASTAFXEWO,144
2715,NULL,XRAK,ASHULUK,144
2716,ARH,ULAA,TALAGI,144
2717,AAQ,URKA,VITJAZEVO,144
2718,NULL,XRWH,AHTUBINSK,144
2719,ABA,UNAA,ABAKAN,144
2720,NBC,UWKE,BEGISHCHEVO,144
2721,IWA,UUBI,IVANOVO,144
2722,VVO,UHWW,KNEVICHI,144
2723,OMS,UNOO,OMSK,144
2724,NULL,UNKK,YEMELJANOVO,144
2725,DYR,UHMA,ANADYR,144
2726,GDZ,URKG,GELENDZHIK AIRPORT,144
2727,BZK,UUBP,BRJANSK,144
2728,NULL,XRRO,ROSTOW/TCENTRALNYJ/MIL,144
2729,ROV,URRR,ROSTOV-NA-DONU,144
2730,NNM,NULL,NARYAN-MAR,144
2731,SLY,USDD,SALEKHARD AIRPORT,144
2732,UUS,UHSS,KHOMUTOVO,144
2733,IAR,UUDL,YAROSLAVL,144
2734,YKS,UEEE,YAKUTSK,144
2735,VOZ,UUOO,CHERTOVITSKOE,144
2736,VKT,UUYW,VORKUTA,144
2737,VOG,URWW,VOLGOGRAD,144
2738,NULL,UUMB,KUBINKA AIR BASE,144
2739,UUD,UIUU,MUKHINO,144
2740,UDD,UIUU,ULAN-UDE,144
2741,UFA,UWUU,UFA,144
2742,KLD,UUEM,MIGALOVO,144
2743,TJM,USTR,ROSHCHINO,144
2744,TOF,UNTT,TOMSK,144
2745,IKS,NULL,TIXI,144
2746,TBW,UUOT,TAMBOV,144
2747,XTA,URRT,TAGANROG,144
2748,SCW,UUYY,SYKTYVKAR,144
2749,SGC,USRR,SURGUT,144
2750,STW,URMT,STAVROPOL,144
2751,NULL,XLLU,STARAIA RUSSA,144
2752,NULL,UUOS,ST.OSKOL,144
2753,AER,URSS,SOCHY,144
2754,LNX,UUBS,SMOLENSK,144
2755,NULL,URMS,SLEPTSOVSKAIA,144
2756,RTW,UWSS,SARATOV,144
2757,KUF,UWWW,SAMARA,144
2758,NULL,UWWG,BEZYMIANKA,144
2759,NULL,ULLP,PUSHKINO/MIL,144
2760,PKV,ULOO,PSKOV,144
2761,NULL,XRAP,PRIVOLSKOE-WWS,144
2762,PES,ULPP,PETROZAVODSK,144
2763,PKC,NULL,PETROPAVLOVSK-KAMCHATSKI,144
2764,PPK,UHPP,YELISOVO,144
2765,PEE,USPP,BOLSHOE SAVINO,144
2766,PEZ,UWPP,PENZA,144
2767,OSW,UWOR,ORSK,144
2768,REN,UWOO,ORENBURG,144
2769,OEL,UUOR,OREL,144
2770,NCU,UTNN,NUKUS,144
2771,NULL,XLLK,KRACHEWICY,144
2772,NUX,USMU,JAGELNOE,144
2773,OVB,UNNT,TOLMACHEVO,144
2774,NOZ,NULL,NOVOKUZNETSK,144
2775,NVR,ULNN,NOVGOROD,144
2776,NULL,ULLK,NOVGOROD,144
2777,NSK,UOOO,ALYKEL,144
2778,NOJ,USRO,NOJABRSK,144
2779,NER,NULL,CHULMAN,144
2780,NFG,USRN,NEFTEJUGANSK,144
2781,NAL,URMN,NALCHIK,144
2782,NULL,UWKB,BUGULXMA,144
2783,RSC,UUBW,RAMESKOE,144
2784,NULL,UUEW,SHEREMETYEVO/DOMESTIC,144
2785,VKO,UUWW,VNUKOVO,144
2786,OOO,NULL,SOKOLNIKI,144
2787,SVO,UUEE,SHEREMETYEVO,144
2788,DME,UUDD,DOMODEDOVO,144
2789,BKA,UUBB,BYKOVO,144
2790,NULL,XLLV,LEVASHOVO,144
2791,SVX,USSS,KOLTSOVO,144
2792,GOJ,UWGG,STRIGINO,144
2793,NJC,USNN,NIZHNEVARTOVSK,144
2794,URS,UUOK,KURSK,144
2795,ULY,UWLL,ULJANOVSK,144
2796,RAT,USNR,RADUZHNYI,144
2797,OGZ,URMO,BESLAN,144
2798,MQF,USCM,MAGNITOGORSK,144
2799,NULL,ULLL,SANKT PETERBURG,144
2800,LED,ULLI,PULKOVO-2,144
2801,RVH,NULL,RZHEVKA,144
2802,UCT,UUYH,UHTA,144
2803,NULL,EHTX,TEXEL,145
2804,NULL,EHBD,BUDEL,145
2805,NULL,EHMZ,MIDDEN ZEELAND,145
2806,NULL,EHVK,VOLKEL AIRBASE,145
2807,RTM,EHRD,ROTTERDAM,145
2808,AMS,EHAM,SCHIPHOL,145
2809,NULL,EHVB,VALKENBURG,145
2810,NULL,EHTE,TEUGE,145
2811,EIN,EHEH,EINDHOVEN,145
2812,ENS,NULL,TWENTE,145
2813,NULL,EHTW,ENSCHEDE,145
2814,GRQ,EHGG,EELDE,145
2815,NULL,EHHV,HILVERSUM,145
2816,NULL,EHHO,HOOGEVEEN,145
2817,NULL,EHLW,LEEUWARDEN,145
2818,LEY,EHLE,LELYSTAD,145
2819,MST,EHBK,MAASTRICHT,145
2820,LFB,LFB,LFB LUMBU,146
2821,BEW,FQBR,BEIRA,146
2822,MNC,NULL,NACALA,146
2823,TNG,GMTT,BOUKHALF,146
2824,MPM,FQMA,MAPUTO INTL,146
2825,TET,NULL,MATUNDA,146
2826,POL,FQPB,PEMBA,146
2827,CMZ,NULL,CAIA,146
2828,VPY,NULL,CHIMOIO,146
2829,INE,NULL,CHINDE,146
2830,TGS,NULL,CHOKWE,146
2831,EAP,NULL,EUROAIRPORT SWISS,147
2832,ZRH,LSZH,ZURICH,147
2833,ACH,LSZR,RORSCHACH,147
2834,ACO,LSZD,ASCONA,147
2835,NULL,LSSB,LSSB,147
2836,BRN,LSZB,BERN-BELP,147
2837,NULL,LSMD,DUBENDORF(MIL),147
2838,ZDZ,NULL,OFF-LINE PT,147
2839,GVA,LSGG,COINTRIN,147
2840,ZHI,LSZG,GRENCHEN,147
2841,ZHV,LSGC,LES EPLATURES,147
2842,QLS,LSGL,BLECHERETTE,147
2843,ZJI,LSZL,MAGADINO,147
2844,LUG,LSZA,AGNO,147
2845,QNC,LSGN,COLOMBIER,147
2846,NULL,LSMP,PAYERNE(MIL),147
2847,SMV,LSZS,SAMEDAN,147
2848,SIR,LSGS,SION,147
2849,NULL,LSME,EMMEN MILITARY AIRFIELD,147
2850,BSL,LFSB,BALE-MULHOUSE,147
2851,SEZ,FSIA,SEYCHELLES INTL,148
2852,AKL,NZAA,AUCKLAND INTL,149
2853,CHC,NZCH,CHRISTCHURCH INTL,149
2854,CMV,NULL,COROMANDEL,149
2855,WLG,NZWN,WELLINGTON INTL,149
2856,TWZ,NULL,PUKAKI/TWIZEL,149
2857,GTN,NULL,GLENTANNER,149
2858,NPE,NULL,HAWKES BAY,149
2859,PCN,NULL,KOROMIKO,149
2860,TEU,NULL,MANAPOURI,149
2861,ZQN,NULL,FRANKTON,149
2862,CHT,NULL,KAREWA,149
2863,RVV,NULL,RAIVAVAE,150
2864,BOB,NULL,MOTU-MUTE,150
2865,MOZ,NULL,TEMAE,150
2866,RGI,NTTG,RANGIROA,150
2867,PPT,NTAA,TAHITI FAAA,150
2868,GYE,SEGU,SIMON BOLIVAR,151
2869,GPS,NULL,BALTRA,151
2870,UIO,SEQU,MARISCAL SUCRE,151
2871,ATF,NULL,CHACHOAN,151
2872,OCC,NULL,AMBATO,151
2873,STD,NULL,MAYO GUERRERO,152
2874,CBJ,NULL,CABO ROJO,152
2875,COZ,NULL,CONSTANZA,152
2876,LRM,MDLR,DE LA ROMANA INTL,152
2877,PUJ,MDPC,PUNTA CANA INT'L,152
2878,SDQ,MDSD,DE LAS AMERICAS INTL,152
2879,HEX,NULL,HERRERA,152
2880,STI,MDST,CIBAO,152
2881,POP,MDPP,GREGORIO LUPERON INT'L,152
2882,NULL,LHKE,KECSKEMET(MIL),153
2883,DEB,LHDC,DEBRECEN,153
2884,QZD,LHUD,SZEGED,153
2885,NULL,LHSN,SZOLNOK(MIL),153
2886,PEV,LHPP,PECS POGANY AIRPORT,153
2887,BUD,LHBP,FERIHEGY,153
2888,NULL,LHTL,TOKOL,153
2889,NULL,LHSA,AZENTKILYSZABAJA,153
2890,NULL,LHPR,PER,153
2891,SOB,LHSM,SARMELLEK,153
2892,CAA,NULL,CATACAMAS,154
2893,CDD,NULL,GRACIAS,154
2894,RUY,NULL,COPAN,154
2895,LCE,MHLC,GOLOSON INTL,154
2896,SAP,MHLM,LA MESA INTL,154
2897,TGU,MHTG,TONCONTIN INTL,154
2898,TJI,NULL,CAPIRO,154
2899,CYL,NULL,COYOLES,154
2900,ENQ,NULL,CORONEL E SOTO CANO,154
2901,CZU,NULL,COROZAL,155
2902,BZE,MZBZ,PHILIP S W GOLDSON INTL,155
2903,CUK,NULL,CAYE CAULKER,155
2904,CYC,NULL,CAYE CHAPEL,155
2905,CZH,NULL,COROZAL,155
2906,ANX,ENAN,Andoya Airport,156
2907,BNN,NULL,BRONNOY,156
2908,TRD,ENVA,VAERNES,156
2909,TOS,ENTC,TROMSO,156
2910,TRF,ENTO,TORP (SANDEFJORD),156
2911,LYR,ENSB,LONGYEAR,156
2912,SVG,ENZV,SOLA,156
2913,KRS,ENCN,KJEVIK,156
2914,KKN,ENKR,HOYBUKTMOEN,156
2915,HAU,ENHD,KARMOY,156
2916,HRO,ENEV,EVENES,156
2917,XGP,NULL,RAIL STATION,156
2918,BGO,ENBR,FLESLAND,156
2919,ALF,ENAT,ALTA,156
2920,BOO,ENBO,BODO,156
2921,FBU,ENFB,FORNEBU,156
2922,OSL,ENGM,GARDERMOEN,156
2923,SKN,NULL,SKAGEN,156
2924,RYG,ENRY,"MOSS AIRPORT, RYGGE",156
2925,LKN,NULL,GUMRI,156
2926,VRY,NULL,STOLPORT,156
2927,SVJ,NULL,HELLE,156
2928,SOG,NULL,HAUKASEN,156
2929,SSJ,NULL,STOKKA,156
2930,RET,NULL,STOLPORT,156
2931,RVK,NULL,RYUMSJOEN,156
2932,HOV,NULL,HOVDEN,156
2933,NVK,NULL,FRAMNES,156
2934,MJF,NULL,KJAERSTAD,156
2935,MOL,ENML,MOLDE AIRPORT,156
2936,LKL,NULL,BANAK,156
2937,KSU,ENKB,KVERNBERGET,156
2938,HVG,NULL,VALAN,156
2939,EVE,NULL,EVENES,156
2940,DLD,NULL,DAGALI,156
2941,FDE,NULL,BRINGELAND,156
2942,FRO,NULL,FLORA,156
2943,FAN,NULL,LISTA,156
2944,VDB,NULL,VALDRES,156
2945,TLM,DAON,ZENATA,156
2946,ORP,FBOR,ORAPA,157
2947,BBK,FBKE,KASANE,157
2948,GBE,FBSK,SIR SERETSE KHAMA INTL,157
2949,FRW,FBFT,FRANCISTOWN,157
2950,PKW,FBSP,SELEBI-PHIKWE,157
2951,TLD,NULL,TULI BLOCK-LIMPOPO VALEY AIRFIELD,157
2952,MUB,FBMN,MAUN,157
2953,CWP,NULL,CAMPBELLPORE,158
2954,WNS,OPNH,NAWABSHAH,158
2955,NULL,OPMT,MULTAN,158
2956,GWD,OPGD,GWADAR,158
2957,BHW,NULL,BHAGATANWALA,158
2958,SGI,NULL,SARGODHA AIRPORT,158
2959,BDN,NULL,TALHAR,158
2960,LHE,OPLA,LAHORE,158
2961,YYU,NULL,KARACHY,158
2962,KHI,OPKC,QUAID-E-AZAM INTL,158
2963,ISB,OPRN,CHAKLALA,158
2964,CJL,NULL,CHITRAL,158
2965,CHB,NULL,CHILAS,158
2966,PEW,OPPS,PESHAWAR,158
2967,CLJ,LRCL,SOMESENI,159
2968,BAY,LRBM,BAIA-MARE,159
2969,TGM,LRTM,VIDRASAU,159
2970,TSR,LRTR,GIARMATA,159
2971,SUJ,LRSM,SATU MARE,159
2972,OMR,LROD,ORADEA,159
2973,NULL,LRIA,IASI,159
2974,NULL,LRSV,CRAIOVA,159
2975,CND,LRCK,M.KOGALNICEANU,159
2976,TCE,LRTC,TULCEA,159
2977,CSB,NULL,CARANSEBES,159
2978,BBU,LRBS,BANEASA,159
2979,OTP,LROP,HENRI COANDA INTERNATIONAL,159
2980,BCM,LRBC,BACAU,159
2981,ARW,LRAR,ARAD,159
2982,NULL,LRCV,_,159
2983,NULL,LQTZ,TUZLA,160
2984,NULL,LQBK,LACTASI,160
2985,SJJ,LQSA,SARAJEVO,160
2986,OMO,LQMO,ORTIJES,160
2987,TAI,OYTZ,GANAD,161
2988,SAH,OYSN,SANA'A INTL,161
2989,HOD,OYHD,HODEIDAH,161
2990,ADE,OYAA,ADEN INTL,161
2991,RIY,OYAR,RIYAN,161
2992,AXA,TQPF,"WALLBLAKE,ANGUILLA I.",162
2993,NULL,LOXT,LANGENLEBARN,163
2994,GRZ,LOWG,GRAZ,163
2995,NULL,LOAN,WIENER NEUSTADT,163
2996,INN,LOWI,INNSBRUCK,163
2997,SZG,LOWS,SALZBURG,163
2998,QDI,LOIH,HOHENEMS-DORNBIRN,163
2999,KLU,LOWK,KLAGENFURT,163
3000,NULL,LOWZ,ZELL AM SEE,163
3001,VIE,LOWW,SCHWECHAT,163
3002,LNZ,LOWL,LINZ,163
3003,GUA,MGGT,LA AURORA,164
3004,CMM,NULL,CARMELITA,164
3005,FRS,NULL,SANTA ELENA,164
3006,CTF,NULL,COATEPEGUE AIRPORT,164
3007,CBV,NULL,COBAN,164
3008,PBR,MGPB,PUERTO BARRIOS,164
3009,TKM,NULL,EL PETEN,164
3010,LCF,NULL,LAS VEGAS,164
3011,CIQ,NULL,CHIGUIMULA,164
3012,OXB,NULL,OSVALDO VIEIRA,165
3013,BXO,GGOV,OSVALDO VIEIRA,165
3014,SNA,NULL,JOHN WAYNE,166
3015,LAP,MMLP,GRAL. MANUEL MARQUEZ DE LEON INTL,166
3016,CIO,NULL,MCAL LOPEZ,166
3017,SZC,NULL,GUANACASTE,166
3018,CCP,SCIE,CARRIEL SUR,166
3019,RIB,NULL,GENERAL BUECH,166
3020,VVI,SLVR,VIRU VIRU INTL,166
3021,SRZ,SLCZ,EL TROMPILLO,166
3022,CAM,NULL,CAMIRI,166
3023,CIJ,NULL,E. BELTRAM,166
3024,CBB,NULL,J WILSTERMAN,166
3025,CEP,NULL,CONCEPCION,166
3026,LPB,SLLP,J.F. KENNEDY INTL,166
3027,TJA,SLTJ,ORIEL LEA PLAZA,166
3028,SBL,NULL,YACUMA,166
3029,TDD,SLTR,TTE. AV. JORGE HENRICH ARAUZ,166
3030,SRJ,NULL,CAPITAN G.Q. GUARDIA,166
3031,PWI,NULL,BELES,167
3032,NULL,HAHM,DEBRE ZEIT,167
3033,MKD,NULL,CHAGNI,167
3034,ADD,HAAB,BOLE INTL,167
3035,DSE,NULL,COMBOLCHA,167
3036,DIR,HADR,A.T.D. YILMA INTL,167
3037,POS,TTPP,"PIARCO INTL,TRINIDAD",168
3038,TAB,TTCP,"CROWN POINT,TOBAGO",168
3039,NIM,DRRN,NIAMEY,169
3040,AJY,DRZA,SUD,169
3041,CZJ,NULL,CORAZON DE JESUS,170
3042,CTD,NULL,CHITRE,170
3043,PAC,NULL,PAITILLA,170
3044,PFN,NULL,BAY COUNTY,170
3045,BOC,MPBO,BOCAS DEL TORO,170
3046,NULL,MPMG,MARCOS A. GELABERT,170
3047,DAV,MPDA,ENRIQUE MALEK,170
3048,PTY,MPTO,TOCUMEN INTL,170
3049,OTD,NULL,CONTADORA,170
3050,ONX,NULL,COLON,170
3051,CDE,NULL,CALEDONIA,170
3052,CTE,NULL,CARTI,170
3053,CHX,MPCH,CAP. MANUEL NINO,170
3054,KUN,EYKA,KAUNAS,171
3055,VNO,EYVI,VILNIUS,171
3056,SQQ,EYSA,SIAULIAI,171
3057,PLQ,EYPA,PALANGA,171
3058,PDV,LBPD,PLOVDIV,172
3059,GOZ,LBGO,GORNA ORJAHOVICA,172
3060,BOJ,LBBG,SARAFOVO,172
3061,NULL,LBSS,SILISTRA,172
3062,SOF,LBSF,VRAJDEBNA,172
3063,VAR,LBWN,ACSAKOVO,172
3064,NULL,LBPG,GRAF IGNATIEVO,172
3065,MYP,UTAM,MARY,173
3066,ASB,UTAA,ASHKHABAD,173
3067,KRW,UTAK,KRASNOVODSK,173
3068,TAZ,UTAT,TASHAUZ,173
3069,CRZ,UTAV,CHARGOU,173
3070,KSQ,UTSK,KARSHY,173
3071,BWK,LDSB,Brac,174
3072,NULL,LDLO,LOSINJ,174
3073,NULL,LDPV,CRLJENKA,174
3074,SPU,LDSP,KASTEL,174
3075,RJK,LDRI,KRK,174
3076,PUY,LDPL,PULA,174
3077,ZAD,LDZD,ZEMUNIK,174
3078,NULL,LDSB,BRAC,174
3079,LSZ,NULL,LOSINJ,174
3080,ZAG,LDZA,ZAGREB,174
3081,OSI,LDOS,OSIJEK,174
3082,DBV,LDDU,CILIPI,174
3083,ORN,DAOO,ES SENIA,174
3084,KRT,HSSS,KHARTOUM,175
3085,JUB,HSSJ,JUBA,175
3086,KSL,HSKA,KASSALA,175
3087,PZU,HSPN,PORT SUDAN INTL,175
3088,KYS,GAKY,KAYES,176
3089,BKO,GABS,SENOU,176
3090,TOM,GATB,TOMBOUCTOU,176
3091,GAQ,GAGO,KOROGOUSSOU,176
3092,MZI,GAMB,MOPTI-BARBE,176
3093,NIX,GANR,NIORO,176
3094,XCH,NULL,CHRISTMAS ISLAND,177
3095,VIL,GMMH,DAKHLA,178
3096,NULL,GMAA,INEZGANE,178
3097,AGA,GMAD,AL MASSIRA,178
3098,CMN,GMMN,MOHAMED V,178
3099,CAS,GMMM,ANFA,178
3100,FEZ,GMFF,SAISS,178
3101,RAK,GMMX,MENARA,178
3102,OUD,GMFO,ANGADS,178
3103,RBA,GMME,SALE,178
3104,TTA,GMAT,PLAGE BLANCHE,178
3105,AHU,GMTA,CHERIF AL IDRISSI,178
3106,EUN,NULL,HASSAN I,178
3107,NDR,NULL,JBEL ARWI,178
3108,TTU,NULL,SANIA RAMEL,178
3109,MTS,FDMS,MATSAPHA,179
3110,RGN,VYYY,MINGALADON,180
3111,MDL,NULL,ANNISATON,180
3112,NWU,TXKF,BERMUDA NAVAL AIR STATION,181
3113,BDA,NULL,INTERNATIONAL,181
3114,RNI,NULL,CORN ISLAND,182
3115,MGA,MNMG,AUGUSTO CESAR SANDINO INTL,182
3116,BZA,NULL,SAN PEDRO,182
3117,PUZ,MNPC,PUERTO CABEZAS,182
3118,DRO,NULL,LA PLATA,183
3119,VER,MMVR,GENERAL HERIBERTO JARA INTL,183
3120,TRC,MMTC,TORREON INTL,183
3121,TLC,MMTO,LIC. ADOLFO LOPEZ MATEO,183
3122,TAP,MMTP,TAPACHULA INTL.,183
3123,TAM,MMTM,GENERAL FRANCISCO JAVIER MINA INTL,183
3124,REX,MMRX,GENERAL LUCIO BLANCO INTL,183
3125,PVR,MMPR,LIC.GUSTAVO DIAZ ORDAZ INTL,183
3126,NLD,MMNL,QUETZALCOATL INTL,183
3127,NTR,MMAN,DEL NORTE INTL,183
3128,MTY,MMMY,GENERAL MARIANO ESCOBEDO INTL,183
3129,MID,MMMD,LIC. MANUEL CRESCENCIO REJON INTL,183
3130,MZT,MMMZ,GENERAL RAFAEL BUELNA INTL,183
3131,MAM,MMMA,MATAMOROS INTL,183
3132,ZIH,MMZH,IXTAPA ZIHUATANEJO INTL,183
3133,GYM,MMGM,GENERAL JOSE MARIA YANEZ INTL,183
3134,GDL,MMGL,MIGUEL HIDALGO Y COSTILLA INTL,183
3135,CJT,NULL,COPALAR,183
3136,CLQ,NULL,COLIMA,183
3137,CVM,NULL,CIUDAD VICTORIA,183
3138,MMC,NULL,CIUDAD MANTE,183
3139,CJS,MMCS,ABRAHAM GONZALEZ INTL,183
3140,CME,NULL,CIUDAD DEL CARMEN,183
3141,CUA,NULL,CIUDAD CONSTITUCION,183
3142,CZA,NULL,CHICHEN ITZA,183
3143,CTM,MMCM,CHETUMAL INTL,183
3144,CUN,MMUN,CANCUN INTL,183
3145,CNA,NULL,CANANEA,183
3146,CPE,MMCP,CAMPECHE INTERNATIONAL,183
3147,TIJ,MMTJ,GENERAL ABELARDO L.RODRIGUEZ INTL,183
3148,LTO,MMLT,LORETO INTL,183
3149,MXL,MMML,GENERAL RODOLFO SANCHEZ TABOADA INTL,183
3150,HMO,MMHO,GRAL.IGNACIO PESQUEIRA GARCIA INTL,183
3151,CEN,NULL,CIUDAD OBREGON,183
3152,CUU,MMCU,GEN FIERRO VILLALOBOS,183
3153,ACA,MMAA,GENERAL JUAN N.ALVAREZ INTL,183
3154,ZCL,NULL,LA CALERA,183
3155,VSA,NULL,CAPITAN CARLOS ROVIROSA PEREZ,183
3156,TGZ,NULL,LLIANO SAN JUAN,183
3157,SJD,NULL,LOS CABOS,183
3158,PBC,NULL,HUEJOTSINGO,183
3159,PAZ,NULL,TAJIN,183
3160,BJX,NULL,DEL BAJIO,183
3161,DGO,NULL,GUADELUPE VICTORIA,183
3162,CUL,NULL,FEDERAL DE BACHIGUALATO,183
3163,OAX,NULL,XOXOCOTIAN,183
3164,CZM,MMCZ,COZUMEL,183
3165,MEX,MMMX,LIC.BENITO JUAREZ INTL,183
3166,HRJ,NULL,CHAURJHARI,184
3167,KTM,VNKT,TRIBHUVAN INTL,184
3168,EKE,NULL,EKEREKU,185
3169,GEO,SYGC,TIMEHRI INTL,185
3170,UAK,BGBW,NARSARSUAQ AIRPORT,186
3171,HPA,NULL,SALOTE PILOLEVU,187
3172,EUA,NULL,KAUFANA,187
3173,VAV,NFTV,VAVA'U,187
3174,TBU,NFTF,FUA'AMOTU INTL,187
3175,NTT,NULL,KUINI LAVENIA,187
3176,NTY,NULL,PILANSBERG,187
3177,NFO,NULL,MATA'AHO,187
3178,JRO,HTKJ,KILIMANJARO INTL,188
3179,IRI,NULL,NDULI,188
3180,DAR,HTDA,DAR-ES-SALAAM,188
3181,LDI,NULL,KIKWETU,188
3182,ZNZ,NULL,KISAUNI,188
3183,WMI,WMI,MODLIN,189
3184,LUZ,EPLB,LUBLIN,189
3185,OLZ,NULL,LODZ,189
3186,OSP,NULL,REDZIKOWO,189
3187,RZE,EPRZ,JASIONKA,189
3188,SZZ,EPSC,GOLENIOW,189
3189,NULL,EPOK,OKSYWIE,189
3190,WAW,EPWA,OKECIE,189
3191,BZG,EPBY,BYDGOSZCZ/SZWEREDOWO,189
3192,WRO,EPWR,WROCLAW,189
3193,POZ,EPPO,LAWICA,189
3194,NULL,EPRA,RADOM,189
3195,IEG,EPZG,BABIMOST AIRPORT,189
3196,NULL,EPTM,TOMASZOW MAZOWIECKI,189
3197,NULL,EPDE,DEBLIN,189
3198,GDN,EPGD,REBIECHOWO,189
3199,KTW,EPKT,PYRZOWICE,189
3200,KRK,EPKK,POPE JOHN PAUL II,189
3201,LCJ,EPLL,LODZ LUBLINEK POLAND,189
3202,NULL,EPKA,MASLOW,189
3203,NULL,EPPW,POWIDZE,189
3204,TIA,TIA,TIRANA,190
3205,BEY,OLBA,BEIRUT INTL,190
3206,KYE,NULL,KLEYATE,190
3207,CAP,MTCH,CAP HAITIEN INTL,191
3208,PAP,MTPP,MAIS GATE,191
3209,FGI,NULL,FAGALI'I,192
3210,APW,NSFA,FALEOLO INTL,192
3211,ANU,TAPA,"V.C. BIRD, ANTIGUA I.",193
3212,NULL,EPPW,POWIDZ MILITARY POLAND,NULL
3213,EPMB,EPMB,MALBORK MILITARY POLAND,NULL
3214,TO,TO,TO,NULL
3215,DWC,OMDW,Аль-Мактум,NULL
3216,NBE,DTNZ,Tunisie,NULL
3217,GOM,FZNA,GOMA,NULL
3218,FIH,FZAA,N'DJILI,NULL
3219,FBM,FZQA,LUANO,NULL
3220,FKI,FZIC,BANGOKA,NULL
3221,QBG,LYPA,PANCEVO,NULL
3222,WLS,NLWW,HIHIFO,NULL
3223,VIJ,TUPW,VIRGIN GORDA,NULL
3224,EIS,TUPJ,BEEF ISLAND,NULL
3225,NYG,KNYG,QUANTICO MARINE CORPS AIRFIELD / TURNER FIELD,NULL
3226,NULL,UKKP,***,NULL
3227,ddd,NULL,sfdg,NULL
3228,NULL,EBMK,...,NULL
3229,PLH,EGHD,ROBOROUGH,NULL
3230,ROR,PTRO,KOROR,NULL
3231,IUE,NIUE,NIUE INTL,NULL
3232,NOU,NWWW,LA TONTOUTA INTL,NULL
3233,GEA,NULL,MAGENTA,NULL
3234,MNI,TRPM,"W.H. BRAMBLE, MONTSERRAT I.",NULL
3235,PNI,PTPN,PONAPE INTL,NULL
3236,TKK,PTKK,TRUK INTL,NULL
3237,MAJ,PKMJ,MARSHALL I. INTL,NULL
3238,EBN,NULL,EBADON,NULL
3239,ENT,NULL,ENEWETAK ISLAND,NULL
3240,BII,NULL,ENYU AIRFIELD,NULL
3241,EBO,NULL,EBON AIRPORT,NULL
3242,SKP,LWSK,PETROVAC,NULL
3243,OHD,LWOH,OHRID,NULL
3244,NULL,VMMC,MACAU,NULL
3245,MFM,NULL,INTERNATIONAL,NULL
3246,LAQ,HLLQ,LA BRAQ,NULL
3247,DNF,NULL,MARTUBA,NULL
3248,SRX,NULL,SERT,NULL
3249,NULL,HLGD,SIRTE,NULL
3250,SEB,HLLS,SEBHA,NULL
3251,NULL,HLHM,DJUFRA,NULL
3252,BEN,HLLB,BENINA,NULL
3253,MJI,HLLM,MITIGA,NULL
3254,TIP,HLLT,TRIPOLI INTL,NULL
3255,LPQ,NULL,LUANG PRABANG,NULL
3256,VTE,VLVT,WATTAY,NULL
3257,HKG,VHHH,HONG KONG INTL,NULL
3258,NULL,LFBN,NIORT,NULL
3259,DIL,NULL,COMORO,NULL
3260,UNI,TVSU,UNION ISLAND,NULL
3261,BQU,NULL,BEQUIA,NULL
3262,CIW,NULL,CANOUAN ISLAND,NULL
3263,SVD,TVSV,E.T. JOSHUA,NULL
3264,MQS,TVSM,MUSTIQUE,NULL
3265,UVF,TLPL,HEWANORRA INTL,NULL
3266,SLU,TLPC,VIGIE,NULL
3267,SKB,TKPK,"GOLDEN ROCK,ST.KITTS I.",NULL
3268,NEV,TKPN,"NEWCASTLE,NEVIS I.",NULL
3269,AKS,NULL,GWAUNARU'U,NULL
3270,HIR,AGGH,HENDERSON,NULL
3271,VIU,NULL,VIRU HARBOUR,NULL
3272,RNA,NULL,ULAWA,NULL
3273,CHY,NULL,CHOISEUL BAY,NULL
3274,FNA,GFLL,LUNGI,NULL
3275,HGS,NULL,HASTING,NULL
3276,RUN,FMEE,LA REUNION-ROLAND GARROS AIRPORT,NULL
3277,NULL,EPPW,POWIDZ MILITARY POLAND,NULL
3278,EPMB,EPMB,MALBORK MILITARY POLAND,NULL
3279,TO,TO,TO,NULL
3280,DWC,OMDW,Аль-Мактум,NULL
3281,NBE,DTNZ,Tunisie,NULL
3282,GOM,FZNA,GOMA,NULL
3283,FIH,FZAA,N'DJILI,NULL
3284,FBM,FZQA,LUANO,NULL
3285,FKI,FZIC,BANGOKA,NULL
3286,QBG,LYPA,PANCEVO,NULL
3287,WLS,NLWW,HIHIFO,NULL
3288,VIJ,TUPW,VIRGIN GORDA,NULL
3289,EIS,TUPJ,BEEF ISLAND,NULL
3290,NYG,KNYG,QUANTICO MARINE CORPS AIRFIELD / TURNER FIELD,NULL
3291,NULL,UKKP,***,NULL
3292,ddd,NULL,sfdg,NULL
3293,NULL,EBMK,...,NULL
3294,PLH,EGHD,ROBOROUGH,NULL
3295,ROR,PTRO,KOROR,NULL
3296,IUE,NIUE,NIUE INTL,NULL
3297,NOU,NWWW,LA TONTOUTA INTL,NULL
3298,GEA,NULL,MAGENTA,NULL
3299,MNI,TRPM,"W.H. BRAMBLE, MONTSERRAT I.",NULL
3300,PNI,PTPN,PONAPE INTL,NULL
3301,TKK,PTKK,TRUK INTL,NULL
3302,MAJ,PKMJ,MARSHALL I. INTL,NULL
3303,EBN,NULL,EBADON,NULL
3304,ENT,NULL,ENEWETAK ISLAND,NULL
3305,BII,NULL,ENYU AIRFIELD,NULL
3306,EBO,NULL,EBON AIRPORT,NULL
3307,SKP,LWSK,PETROVAC,NULL
3308,OHD,LWOH,OHRID,NULL
3309,NULL,VMMC,MACAU,NULL
3310,MFM,NULL,INTERNATIONAL,NULL
3311,LAQ,HLLQ,LA BRAQ,NULL
3312,DNF,NULL,MARTUBA,NULL
3313,SRX,NULL,SERT,NULL
3314,NULL,HLGD,SIRTE,NULL
3315,SEB,HLLS,SEBHA,NULL
3316,NULL,HLHM,DJUFRA,NULL
3317,BEN,HLLB,BENINA,NULL
3318,MJI,HLLM,MITIGA,NULL
3319,TIP,HLLT,TRIPOLI INTL,NULL
3320,LPQ,NULL,LUANG PRABANG,NULL
3321,VTE,VLVT,WATTAY,NULL
3322,HKG,VHHH,HONG KONG INTL,NULL
3323,NULL,LFBN,NIORT,NULL
3324,DIL,NULL,COMORO,NULL
3325,UNI,TVSU,UNION ISLAND,NULL
3326,BQU,NULL,BEQUIA,NULL
3327,CIW,NULL,CANOUAN ISLAND,NULL
3328,SVD,TVSV,E.T. JOSHUA,NULL
3329,MQS,TVSM,MUSTIQUE,NULL
3330,UVF,TLPL,HEWANORRA INTL,NULL
3331,SLU,TLPC,VIGIE,NULL
3332,SKB,TKPK,"GOLDEN ROCK,ST.KITTS I.",NULL
3333,NEV,TKPN,"NEWCASTLE,NEVIS I.",NULL
3334,AKS,NULL,GWAUNARU'U,NULL
3335,HIR,AGGH,HENDERSON,NULL
3336,VIU,NULL,VIRU HARBOUR,NULL
3337,RNA,NULL,ULAWA,NULL
3338,CHY,NULL,CHOISEUL BAY,NULL
3339,FNA,GFLL,LUNGI,NULL
3340,HGS,NULL,HASTING,NULL
3341,RUN,FMEE,LA REUNION-ROLAND GARROS AIRPORT,NULL
3342,NULL,EPPW,POWIDZ MILITARY POLAND,NULL
3343,EPMB,EPMB,MALBORK MILITARY POLAND,NULL
3344,TO,TO,TO,NULL
3345,DWC,OMDW,Аль-Мактум,NULL
3346,NBE,DTNZ,Tunisie,NULL
3347,GOM,FZNA,GOMA,NULL
3348,FIH,FZAA,N'DJILI,NULL
3349,FBM,FZQA,LUANO,NULL
3350,FKI,FZIC,BANGOKA,NULL
3351,QBG,LYPA,PANCEVO,NULL
3352,WLS,NLWW,HIHIFO,NULL
3353,VIJ,TUPW,VIRGIN GORDA,NULL
3354,EIS,TUPJ,BEEF ISLAND,NULL
3355,NYG,KNYG,QUANTICO MARINE CORPS AIRFIELD / TURNER FIELD,NULL
3356,NULL,UKKP,***,NULL
3357,ddd,NULL,sfdg,NULL
3358,NULL,EBMK,...,NULL
3359,PLH,EGHD,ROBOROUGH,NULL
3360,ROR,PTRO,KOROR,NULL
3361,IUE,NIUE,NIUE INTL,NULL
3362,NOU,NWWW,LA TONTOUTA INTL,NULL
3363,GEA,NULL,MAGENTA,NULL
3364,MNI,TRPM,"W.H. BRAMBLE, MONTSERRAT I.",NULL
3365,PNI,PTPN,PONAPE INTL,NULL
3366,TKK,PTKK,TRUK INTL,NULL
3367,MAJ,PKMJ,MARSHALL I. INTL,NULL
3368,EBN,NULL,EBADON,NULL
3369,ENT,NULL,ENEWETAK ISLAND,NULL
3370,BII,NULL,ENYU AIRFIELD,NULL
3371,EBO,NULL,EBON AIRPORT,NULL
3372,SKP,LWSK,PETROVAC,NULL
3373,OHD,LWOH,OHRID,NULL
3374,NULL,VMMC,MACAU,NULL
3375,MFM,NULL,INTERNATIONAL,NULL
3376,LAQ,HLLQ,LA BRAQ,NULL
3377,DNF,NULL,MARTUBA,NULL
3378,SRX,NULL,SERT,NULL
3379,NULL,HLGD,SIRTE,NULL
3380,SEB,HLLS,SEBHA,NULL
3381,NULL,HLHM,DJUFRA,NULL
3382,BEN,HLLB,BENINA,NULL
3383,MJI,HLLM,MITIGA,NULL
3384,TIP,HLLT,TRIPOLI INTL,NULL
3385,LPQ,NULL,LUANG PRABANG,NULL
3386,VTE,VLVT,WATTAY,NULL
3387,HKG,VHHH,HONG KONG INTL,NULL
3388,NULL,LFBN,NIORT,NULL
3389,DIL,NULL,COMORO,NULL
3390,UNI,TVSU,UNION ISLAND,NULL
3391,BQU,NULL,BEQUIA,NULL
3392,CIW,NULL,CANOUAN ISLAND,NULL
3393,SVD,TVSV,E.T. JOSHUA,NULL
3394,MQS,TVSM,MUSTIQUE,NULL
3395,UVF,TLPL,HEWANORRA INTL,NULL
3396,SLU,TLPC,VIGIE,NULL
3397,SKB,TKPK,"GOLDEN ROCK,ST.KITTS I.",NULL
3398,NEV,TKPN,"NEWCASTLE,NEVIS I.",NULL
3399,AKS,NULL,GWAUNARU'U,NULL
3400,HIR,AGGH,HENDERSON,NULL
3401,VIU,NULL,VIRU HARBOUR,NULL
3402,RNA,NULL,ULAWA,NULL
3403,CHY,NULL,CHOISEUL BAY,NULL
3404,FNA,GFLL,LUNGI,NULL
3405,HGS,NULL,HASTING,NULL
3406,RUN,FMEE,LA REUNION-ROLAND GARROS AIRPORT,NULL
